Crop,county,state,fips,2014_Yield,2018_Yield,yieldChange
CORN,BALDWIN,AL,01003,138.9,165,26.1
CORN,BARBOUR,AL,01005,166.3,152,-14.3
CORN,BLOUNT,AL,01009,144,156.2,12.2
CORN,BUTLER,AL,01013,102.8,153.6,50.8
CORN,CALHOUN,AL,01015,136.2,150,13.8
CORN,CHEROKEE,AL,01019,113.2,113.2,0
CORN,COLBERT,AL,01033,191.5,181.5,-10
CORN,CONECUH,AL,01035,115.7,137.3,21.6
CORN,CRENSHAW,AL,01041,75.8,168.3,92.5
CORN,CULLMAN,AL,01043,163.5,170.5,7
CORN,DALE,AL,01045,116.2,176.8,60.6
CORN,DALLAS,AL,01047,111.6,124.3,12.7
CORN,DE KALB,AL,01049,144.3,100,-44.3
CORN,ESCAMBIA,AL,01053,163.5,109.5,-54
CORN,ETOWAH,AL,01055,121,162.3,41.3
CORN,FAYETTE,AL,01057,142.5,100,-42.5
CORN,FRANKLIN,AL,01059,143.9,155.3,11.4
CORN,HALE,AL,01065,140,165.3,25.3
CORN,HOUSTON,AL,01069,148.3,176.9,28.6
CORN,JACKSON,AL,01071,149.9,183.2,33.3
CORN,LAMAR,AL,01075,150,159.8,9.8
CORN,LAUDERDALE,AL,01077,184.4,157.6,-26.8
CORN,LAWRENCE,AL,01079,187.1,176.9,-10.2
CORN,LIMESTONE,AL,01083,181.7,145.2,-36.5
CORN,MADISON,AL,01089,169,101.5,-67.5
CORN,MARSHALL,AL,01095,145.2,139.2,-6
CORN,MONROE,AL,01099,149.1,124.7,-24.4
CORN,PERRY,AL,01105,148.6,123.2,-25.4
CORN,PIKE,AL,01109,101.9,875.5,773.6
CORN,RANDOLPH,AL,01111,99.2,187,87.8
CORN,SHELBY,AL,01117,143.1,194.5,51.4
CORN,SUMTER,AL,01119,165,181.4,16.4
CORN,TALLADEGA,AL,01121,144.4,189.7,45.3
CORN,TUSCALOOSA,AL,01125,137.3,196.4,59.1
CORN,WALKER,AL,01127,140,175.2,35.2
CORN,WILCOX,AL,01131,95,186.2,91.2
CORN,OTHER (COMBINED) COUNTIES,AL,01998,833.4,192.3,-641.1
CORN,ARKANSAS,AR,05001,188.9,186.1,-2.8
CORN,ASHLEY,AR,05003,193.4,176.3,-17.1
CORN,CHICOT,AR,05017,189.3,177,-12.3
CORN,CLAY,AR,05021,194.6,192.7,-1.9
CORN,CRAIGHEAD,AR,05031,183.8,168.4,-15.4
CORN,CRAWFORD,AR,05033,95.7,193.2,97.5
CORN,CRITTENDEN,AR,05035,183,185.3,2.3
CORN,CROSS,AR,05037,173.8,200,26.2
CORN,DESHA,AR,05041,204,173.2,-30.8
CORN,DREW,AR,05043,205.8,166.7,-39.1
CORN,FRANKLIN,AR,05047,171.3,197.2,25.9
CORN,GREENE,AR,05055,182.5,191.1,8.6
CORN,INDEPENDENCE,AR,05063,179.6,176.2,-3.4
CORN,JACKSON,AR,05067,173,180.3,7.3
CORN,JEFFERSON,AR,05069,201.3,184.7,-16.6
CORN,LAWRENCE,AR,05075,166.3,188.1,21.8
CORN,LEE,AR,05077,177.9,407.9,230
CORN,LINCOLN,AR,05079,195,162,-33
CORN,LOGAN,AR,05083,150.4,172.9,22.5
CORN,LONOKE,AR,05085,198.9,138.9,-60
CORN,MILLER,AR,05091,163.7,164.7,1
CORN,MISSISSIPPI,AR,05093,201.2,150,-51.2
CORN,MONROE,AR,05095,184.2,210,25.8
CORN,PHILLIPS,AR,05107,197.2,196.7,-0.5
CORN,POINSETT,AR,05111,180.1,401.6,221.5
CORN,PRAIRIE,AR,05117,185.6,51.5,-134.1
CORN,RANDOLPH,AR,05121,181.1,176.2,-4.9
CORN,SAINT FRANCIS,AR,05123,179.1,93.1,-86
CORN,WHITE,AR,05145,194.8,66.9,-127.9
CORN,WOODRUFF,AR,05147,172.5,121.7,-50.8
CORN,OTHER (COMBINED) COUNTIES,AR,05998,297.7,52.8,-244.9
CORN,GLENN,CA,06021,196.7,164.6,-32.1
CORN,SACRAMENTO,CA,06067,173,128.3,-44.7
CORN,SOLANO,CA,06095,170,127.2,-42.8
CORN,STANISLAUS,CA,06099,125,137.7,12.7
CORN,SUTTER,CA,06101,225,129.8,-95.2
CORN,OTHER (COMBINED) COUNTIES,CA,06998,327.9,61.7,-266.2
CORN,ADAMS,CO,08001,125.4,137.2,11.8
CORN,BENT,CO,08011,131.6,198.2,66.6
CORN,CHEYENNE,CO,08017,102.6,333,230.4
CORN,KIT CARSON,CO,08063,102.6,149.9,47.3
CORN,LARIMER,CO,08069,146.6,149.1,2.5
CORN,LINCOLN,CO,08073,62.8,141.8,79
CORN,LOGAN,CO,08075,148.9,134.4,-14.5
CORN,MORGAN,CO,08087,162.2,199.2,37
CORN,OTERO,CO,08089,191.8,92.6,-99.2
CORN,PHILLIPS,CO,08095,154.6,156.5,1.9
CORN,SEDGWICK,CO,08115,149.8,151.2,1.4
CORN,WASHINGTON,CO,08121,108.6,186.2,77.6
CORN,WELD,CO,08123,169.5,154.1,-15.4
CORN,YUMA,CO,08125,196.9,114,-82.9
CORN,OTHER (COMBINED) COUNTIES,CO,08998,316.9,191.1,-125.8
CORN,KENT,DE,10001,200.4,211.8,11.4
CORN,NEW CASTLE,DE,10003,190.7,175.7,-15
CORN,SUSSEX,DE,10005,201.3,141.9,-59.4
CORN,APPLING,GA,13001,156.6,197.9,41.3
CORN,ATKINSON,GA,13003,164.8,165.3,0.5
CORN,BACON,GA,13005,117.3,209,91.7
CORN,BAKER,GA,13007,174.9,179.5,4.6
CORN,BARTOW,GA,13015,116.1,211.6,95.5
CORN,BEN HILL,GA,13017,135.8,199.1,63.3
CORN,BERRIEN,GA,13019,146.9,169.1,22.2
CORN,BLECKLEY,GA,13023,190.6,147.8,-42.8
CORN,BRANTLEY,GA,13025,76.9,216.7,139.8
CORN,BULLOCH,GA,13031,185,161.1,-23.9
CORN,BURKE,GA,13033,192.8,181.2,-11.6
CORN,CALHOUN,GA,13037,192,120.8,-71.2
CORN,CANDLER,GA,13043,80,186.7,106.7
CORN,CHATTOOGA,GA,13055,155.6,172.9,17.3
CORN,COFFEE,GA,13069,134.7,138.9,4.2
CORN,COLQUITT,GA,13071,209.6,203.2,-6.4
CORN,COOK,GA,13075,166.4,189.6,23.2
CORN,DECATUR,GA,13087,183.3,147.1,-36.2
CORN,DODGE,GA,13091,165.4,191.1,25.7
CORN,DOOLY,GA,13093,196.7,119.1,-77.6
CORN,EARLY,GA,13099,194.1,127.4,-66.7
CORN,EVANS,GA,13109,132.1,193.2,61.1
CORN,FLOYD,GA,13115,168,203.2,35.2
CORN,GORDON,GA,13129,151,144.4,-6.6
CORN,HABERSHAM,GA,13137,90,136.2,46.2
CORN,HALL,GA,13139,110,187.1,77.1
CORN,HART,GA,13147,121.5,164.6,43.1
CORN,IRWIN,GA,13155,176.5,198.9,22.4
CORN,JEFF DAVIS,GA,13161,111.1,205.2,94.1
CORN,JEFFERSON,GA,13163,199.6,162.9,-36.7
CORN,JENKINS,GA,13165,168.1,118,-50.1
CORN,LAURENS,GA,13175,136.5,182.2,45.7
CORN,LOWNDES,GA,13185,70.8,120.6,49.8
CORN,MACON,GA,13193,182.6,194.1,11.5
CORN,MARION,GA,13197,102.5,188,85.5
CORN,MILLER,GA,13201,195.2,172,-23.2
CORN,MITCHELL,GA,13205,189.2,99.2,-90
CORN,PIERCE,GA,13229,123.4,191.4,68
CORN,POLK,GA,13233,151.5,1388.9,1237.4
CORN,PULASKI,GA,13235,174.5,230,55.5
CORN,RANDOLPH,GA,13243,190.3,198.5,8.2
CORN,SCREVEN,GA,13251,179.2,149.7,-29.5
CORN,SEMINOLE,GA,13253,195.8,233.9,38.1
CORN,SUMTER,GA,13261,173.9,236,62.1
CORN,TATTNALL,GA,13267,173.8,230.9,57.1
CORN,TAYLOR,GA,13269,151.8,219.6,67.8
CORN,TERRELL,GA,13273,180.8,239.6,58.8
CORN,THOMAS,GA,13275,116.9,230.3,113.4
CORN,TIFT,GA,13277,141.6,214.9,73.3
CORN,TOOMBS,GA,13279,185,427.1,242.1
CORN,TURNER,GA,13287,171.8,197.8,26
CORN,WARE,GA,13299,159.5,188.4,28.9
CORN,WASHINGTON,GA,13303,186.5,194.1,7.6
CORN,WAYNE,GA,13305,135.7,187.9,52.2
CORN,WHITE,GA,13311,151.7,214.1,62.4
CORN,WHITFIELD,GA,13313,134.3,217.1,82.8
CORN,WILCOX,GA,13315,207.5,223.5,16
CORN,WORTH,GA,13321,178.3,221.3,43
CORN,OTHER (COMBINED) COUNTIES,GA,13998,1152.1,232.9,-919.2
CORN,ADAMS,IL,17001,202.4,203.5,1.1
CORN,ALEXANDER,IL,17003,192.8,189.3,-3.5
CORN,BOND,IL,17005,182.1,184.8,2.7
CORN,BOONE,IL,17007,191.4,234.3,42.9
CORN,BROWN,IL,17009,196.6,194.3,-2.3
CORN,BUREAU,IL,17011,196,190.3,-5.7
CORN,CALHOUN,IL,17013,198.2,225,26.8
CORN,CARROLL,IL,17015,196.1,246,49.9
CORN,CASS,IL,17017,208.3,213.1,4.8
CORN,CHAMPAIGN,IL,17019,216.5,168.6,-47.9
CORN,CHRISTIAN,IL,17021,217.8,235.2,17.4
CORN,CLARK,IL,17023,198.1,201.7,3.6
CORN,CLAY,IL,17025,173.1,155.5,-17.6
CORN,CLINTON,IL,17027,192.7,218,25.3
CORN,COLES,IL,17029,212.6,169.8,-42.8
CORN,CRAWFORD,IL,17033,184.7,207.2,22.5
CORN,CUMBERLAND,IL,17035,196.1,201,4.9
CORN,DE KALB,IL,17037,194.1,163.6,-30.5
CORN,DE WITT,IL,17039,221,233.8,12.8
CORN,DOUGLAS,IL,17041,224,213.3,-10.7
CORN,EDGAR,IL,17045,201.5,219.5,18
CORN,EFFINGHAM,IL,17049,196.4,196,-0.4
CORN,FAYETTE,IL,17051,180.3,162.2,-18.1
CORN,FORD,IL,17053,201.1,205.7,4.6
CORN,FRANKLIN,IL,17055,160.3,161.2,0.9
CORN,FULTON,IL,17057,198.2,209.1,10.9
CORN,GALLATIN,IL,17059,187.6,189.4,1.8
CORN,GREENE,IL,17061,198.8,181.7,-17.1
CORN,GRUNDY,IL,17063,205.1,208,2.9
CORN,HANCOCK,IL,17067,218.5,226.5,8
CORN,HENDERSON,IL,17071,207.9,215,7.1
CORN,HENRY,IL,17073,194.2,166,-28.2
CORN,IROQUOIS,IL,17075,186.2,205.9,19.7
CORN,JACKSON,IL,17077,169.2,207.5,38.3
CORN,JASPER,IL,17079,185.4,236.2,50.8
CORN,JEFFERSON,IL,17081,165.2,228.9,63.7
CORN,JERSEY,IL,17083,199.9,190.8,-9.1
CORN,JO DAVIESS,IL,17085,183.2,229.3,46.1
CORN,JOHNSON,IL,17087,142.3,239.9,97.6
CORN,KANE,IL,17089,185.6,215.3,29.7
CORN,KANKAKEE,IL,17091,174.3,197.8,23.5
CORN,KNOX,IL,17095,201.4,199.2,-2.2
CORN,LAKE,IL,17097,151.2,213.9,62.7
CORN,LA SALLE,IL,17099,197.9,231.3,33.4
CORN,LAWRENCE,IL,17101,177.4,173.6,-3.8
CORN,LEE,IL,17103,181.6,222.8,41.2
CORN,LIVINGSTON,IL,17105,211.6,228.5,16.9
CORN,LOGAN,IL,17107,230.8,233.9,3.1
CORN,MCDONOUGH,IL,17109,211.6,198.2,-13.4
CORN,MCHENRY,IL,17111,184.3,228.9,44.6
CORN,MCLEAN,IL,17113,218.3,147.7,-70.6
CORN,MACON,IL,17115,236,241.8,5.8
CORN,MACOUPIN,IL,17117,199.5,182.6,-16.9
CORN,MADISON,IL,17119,191.6,206.2,14.6
CORN,MARION,IL,17121,183.8,165.4,-18.4
CORN,MARSHALL,IL,17123,207.3,167.7,-39.6
CORN,MASON,IL,17125,195.7,223.4,27.7
CORN,MASSAC,IL,17127,163.2,186.4,23.2
CORN,MENARD,IL,17129,222.7,160.5,-62.2
CORN,MERCER,IL,17131,193.5,236.4,42.9
CORN,MONROE,IL,17133,181.4,202.5,21.1
CORN,MONTGOMERY,IL,17135,205.1,225.4,20.3
CORN,MORGAN,IL,17137,223.3,234,10.7
CORN,MOULTRIE,IL,17139,223.3,209.1,-14.2
CORN,OGLE,IL,17141,193.4,235.4,42
CORN,PEORIA,IL,17143,208.1,218.8,10.7
CORN,PERRY,IL,17145,146.1,241.7,95.6
CORN,PIATT,IL,17147,235.2,180.7,-54.5
CORN,PIKE,IL,17149,199.5,177.2,-22.3
CORN,POPE,IL,17151,160.1,172.3,12.2
CORN,PULASKI,IL,17153,177.7,215.9,38.2
CORN,PUTNAM,IL,17155,194.8,186.3,-8.5
CORN,RANDOLPH,IL,17157,181.4,165.4,-16
CORN,RICHLAND,IL,17159,181.1,184.4,3.3
CORN,ROCK ISLAND,IL,17161,185.8,223.7,37.9
CORN,ST CLAIR,IL,17163,173,1094.7,921.7
CORN,SALINE,IL,17165,176.7,194.6,17.9
CORN,SANGAMON,IL,17167,226.8,181.9,-44.9
CORN,SCHUYLER,IL,17169,204.1,189.5,-14.6
CORN,SCOTT,IL,17171,201.7,201.7,0
CORN,SHELBY,IL,17173,206.4,200.7,-5.7
CORN,STARK,IL,17175,207.1,198.9,-8.2
CORN,STEPHENSON,IL,17177,192.6,204.7,12.1
CORN,TAZEWELL,IL,17179,224.4,195.5,-28.9
CORN,UNION,IL,17181,185.9,179.2,-6.7
CORN,VERMILION,IL,17183,204,182,-22
CORN,WABASH,IL,17185,180,213.7,33.7
CORN,WARREN,IL,17187,216.1,195.5,-20.6
CORN,WASHINGTON,IL,17189,184.3,176.9,-7.4
CORN,WAYNE,IL,17191,184.8,206.8,22
CORN,WHITE,IL,17193,196.4,159.5,-36.9
CORN,WHITESIDE,IL,17195,184.6,209.1,24.5
CORN,WILL,IL,17197,178.6,187,8.4
CORN,WILLIAMSON,IL,17199,161.6,173.2,11.6
CORN,WINNEBAGO,IL,17201,190.4,198.4,8
CORN,WOODFORD,IL,17203,217.5,185.9,-31.6
CORN,OTHER (COMBINED) COUNTIES,IL,17998,381.6,187.5,-194.1
CORN,ADAMS,IN,18001,183.3,184,0.7
CORN,ALLEN,IN,18003,185.8,204.3,18.5
CORN,BARTHOLOMEW,IN,18005,200.3,178.9,-21.4
CORN,BENTON,IN,18007,202.4,175.1,-27.3
CORN,BLACKFORD,IN,18009,157.1,188,30.9
CORN,BOONE,IN,18011,200.6,188.1,-12.5
CORN,CARROLL,IN,18015,205.3,207.2,1.9
CORN,CASS,IN,18017,195.9,198.5,2.6
CORN,CLARK,IN,18019,173.3,215.6,42.3
CORN,CLAY,IN,18021,200.3,183,-17.3
CORN,CLINTON,IN,18023,214.1,173.9,-40.2
CORN,DAVIESS,IN,18027,210.2,164.5,-45.7
CORN,DEARBORN,IN,18029,165.9,186.1,20.2
CORN,DECATUR,IN,18031,205.8,183,-22.8
CORN,DE KALB,IN,18033,164.7,181.8,17.1
CORN,DELAWARE,IN,18035,174,179,5
CORN,DUBOIS,IN,18037,190.4,180.2,-10.2
CORN,ELKHART,IN,18039,182,142.1,-39.9
CORN,FAYETTE,IN,18041,187.4,159.3,-28.1
CORN,FLOYD,IN,18043,152.1,192,39.9
CORN,FOUNTAIN,IN,18045,204.8,205,0.2
CORN,FRANKLIN,IN,18047,194.1,176.1,-18
CORN,FULTON,IN,18049,177.9,181.5,3.6
CORN,GIBSON,IN,18051,195.3,191.5,-3.8
CORN,GRANT,IN,18053,185,179.7,-5.3
CORN,GREENE,IN,18055,186,197,11
CORN,HAMILTON,IN,18057,197.3,200,2.7
CORN,HANCOCK,IN,18059,188.6,169.5,-19.1
CORN,HARRISON,IN,18061,178,180,2
CORN,HENDRICKS,IN,18063,198.5,205.7,7.2
CORN,HENRY,IN,18065,192.9,173.3,-19.6
CORN,HOWARD,IN,18067,200.6,192,-8.6
CORN,HUNTINGTON,IN,18069,185.4,182.8,-2.6
CORN,JACKSON,IN,18071,171.5,182.4,10.9
CORN,JASPER,IN,18073,174.2,169.4,-4.8
CORN,JAY,IN,18075,169.1,196.9,27.8
CORN,JEFFERSON,IN,18077,188,185.1,-2.9
CORN,JENNINGS,IN,18079,186.6,182.3,-4.3
CORN,JOHNSON,IN,18081,186.9,203.9,17
CORN,KNOX,IN,18083,194.2,164.2,-30
CORN,KOSCIUSKO,IN,18085,173.5,179.8,6.3
CORN,LAGRANGE,IN,18087,151.2,194.4,43.2
CORN,LAKE,IN,18089,167.4,148.7,-18.7
CORN,LA PORTE,IN,18091,167.9,187.3,19.4
CORN,LAWRENCE,IN,18093,190.4,178,-12.4
CORN,MADISON,IN,18095,196.4,201.1,4.7
CORN,MARION,IN,18097,178.5,214.9,36.4
CORN,MARSHALL,IN,18099,183.3,203.9,20.6
CORN,MARTIN,IN,18101,188.5,179.6,-8.9
CORN,MIAMI,IN,18103,176.5,197.8,21.3
CORN,MONROE,IN,18105,180.6,176.3,-4.3
CORN,MONTGOMERY,IN,18107,205.3,201.4,-3.9
CORN,MORGAN,IN,18109,197,206.3,9.3
CORN,NEWTON,IN,18111,185.1,160.2,-24.9
CORN,NOBLE,IN,18113,168.8,184.2,15.4
CORN,OHIO,IN,18115,182.8,192.8,10
CORN,ORANGE,IN,18117,196.9,204.1,7.2
CORN,PERRY,IN,18123,172.5,197.7,25.2
CORN,PIKE,IN,18125,170.7,180.7,10
CORN,PORTER,IN,18127,177.1,910.3,733.2
CORN,POSEY,IN,18129,197.3,149.4,-47.9
CORN,PULASKI,IN,18131,155.7,171.5,15.8
CORN,PUTNAM,IN,18133,198.6,198.4,-0.2
CORN,RANDOLPH,IN,18135,179.6,179.4,-0.2
CORN,RIPLEY,IN,18137,178.3,214.5,36.2
CORN,RUSH,IN,18139,197.3,206.3,9
CORN,ST. JOSEPH,IN,18141,160.8,193.7,32.9
CORN,SCOTT,IN,18143,190.7,212.4,21.7
CORN,SHELBY,IN,18145,187.9,207.1,19.2
CORN,SPENCER,IN,18147,174,193.1,19.1
CORN,STARKE,IN,18149,156.3,211.3,55
CORN,STEUBEN,IN,18151,160.5,193.3,32.8
CORN,SULLIVAN,IN,18153,196,208.5,12.5
CORN,SWITZERLAND,IN,18155,164.1,169.7,5.6
CORN,TIPPECANOE,IN,18157,206.6,222.2,15.6
CORN,TIPTON,IN,18159,214.9,184.3,-30.6
CORN,UNION,IN,18161,200,213.4,13.4
CORN,VANDERBURGH,IN,18163,188,193,5
CORN,VERMILLION,IN,18165,213.6,161.9,-51.7
CORN,WABASH,IN,18169,181,158.7,-22.3
CORN,WARREN,IN,18171,209.5,201.6,-7.9
CORN,WARRICK,IN,18173,175.4,210.8,35.4
CORN,WASHINGTON,IN,18175,180,214.1,34.1
CORN,WAYNE,IN,18177,185.2,174,-11.2
CORN,WELLS,IN,18179,189.9,172.6,-17.3
CORN,WHITE,IN,18181,194.2,224.8,30.6
CORN,WHITLEY,IN,18183,183.1,195.6,12.5
CORN,OTHER (COMBINED) COUNTIES,IN,18998,363.2,160.4,-202.8
CORN,ADAIR,IA,19001,169.3,211.9,42.6
CORN,ADAMS,IA,19003,169.9,155.8,-14.1
CORN,ALLAMAKEE,IA,19005,175.6,200.1,24.5
CORN,APPANOOSE,IA,19007,170.9,184.3,13.4
CORN,AUDUBON,IA,19009,185.5,204.1,18.6
CORN,BENTON,IA,19011,185.4,195.2,9.8
CORN,BLACK HAWK,IA,19013,165.2,201.4,36.2
CORN,BOONE,IA,19015,180.9,225.2,44.3
CORN,BREMER,IA,19017,159,192.3,33.3
CORN,BUCHANAN,IA,19019,169.3,189,19.7
CORN,BUENA VISTA,IA,19021,172.1,176.7,4.6
CORN,BUTLER,IA,19023,167.7,216.6,48.9
CORN,CALHOUN,IA,19025,189.6,176.1,-13.5
CORN,CARROLL,IA,19027,188.6,189.7,1.1
CORN,CASS,IA,19029,173.7,185.5,11.8
CORN,CEDAR,IA,19031,184.1,162.2,-21.9
CORN,CERRO GORDO,IA,19033,168.3,222.3,54
CORN,CHEROKEE,IA,19035,183.6,211.7,28.1
CORN,CHICKASAW,IA,19037,157.6,202.3,44.7
CORN,CLARKE,IA,19039,162.2,218.7,56.5
CORN,CLAY,IA,19041,166.3,199,32.7
CORN,CLAYTON,IA,19043,176.7,212.3,35.6
CORN,CLINTON,IA,19045,197,208.8,11.8
CORN,CRAWFORD,IA,19047,183,203.8,20.8
CORN,DALLAS,IA,19049,195.5,180,-15.5
CORN,DAVIS,IA,19051,184.2,201.5,17.3
CORN,DECATUR,IA,19053,164,215.3,51.3
CORN,DELAWARE,IA,19055,174.9,196.5,21.6
CORN,DES MOINES,IA,19057,199,193.1,-5.9
CORN,DICKINSON,IA,19059,157.9,167.4,9.5
CORN,DUBUQUE,IA,19061,184.9,207.9,23
CORN,EMMET,IA,19063,165,190.1,25.1
CORN,FAYETTE,IA,19065,170.9,226,55.1
CORN,FLOYD,IA,19067,162.8,193.4,30.6
CORN,FRANKLIN,IA,19069,165.8,181.5,15.7
CORN,FREMONT,IA,19071,191.5,167,-24.5
CORN,GREENE,IA,19073,181.2,191.6,10.4
CORN,GRUNDY,IA,19075,182.4,209.5,27.1
CORN,GUTHRIE,IA,19077,176.1,201.8,25.7
CORN,HAMILTON,IA,19079,173.1,180.3,7.2
CORN,HANCOCK,IA,19081,173.9,188.1,14.2
CORN,HARDIN,IA,19083,166.3,157.9,-8.4
CORN,HARRISON,IA,19085,161.1,213.7,52.6
CORN,HENRY,IA,19087,196.6,179.2,-17.4
CORN,HOWARD,IA,19089,164.4,186.2,21.8
CORN,HUMBOLDT,IA,19091,176.9,218.8,41.9
CORN,IDA,IA,19093,189.9,153.3,-36.6
CORN,IOWA,IA,19095,192.1,213.6,21.5
CORN,JACKSON,IA,19097,188.9,213.8,24.9
CORN,JASPER,IA,19099,191.5,189.2,-2.3
CORN,JEFFERSON,IA,19101,200.9,211.7,10.8
CORN,JOHNSON,IA,19103,184.6,192.3,7.7
CORN,JONES,IA,19105,180.1,224.4,44.3
CORN,KEOKUK,IA,19107,193.2,154.4,-38.8
CORN,KOSSUTH,IA,19109,176.6,155.8,-20.8
CORN,LEE,IA,19111,200.6,180.8,-19.8
CORN,LINN,IA,19113,176.1,163.7,-12.4
CORN,LOUISA,IA,19115,188.2,214.5,26.3
CORN,LUCAS,IA,19117,153.7,171.6,17.9
CORN,LYON,IA,19119,172.9,188.2,15.3
CORN,MADISON,IA,19121,171.4,180.8,9.4
CORN,MAHASKA,IA,19123,189.9,198.1,8.2
CORN,MARION,IA,19125,171.6,219.4,47.8
CORN,MARSHALL,IA,19127,190.5,179.9,-10.6
CORN,MILLS,IA,19129,184.9,180.4,-4.5
CORN,MITCHELL,IA,19131,175.1,516.1,341
CORN,MONONA,IA,19133,156.6,116.4,-40.2
CORN,MONROE,IA,19135,175.7,121.6,-54.1
CORN,MONTGOMERY,IA,19137,163.1,142.2,-20.9
CORN,MUSCATINE,IA,19139,188.1,144.5,-43.6
CORN,O BRIEN,IA,19141,180.3,109,-71.3
CORN,OSCEOLA,IA,19143,175.4,118.7,-56.7
CORN,PAGE,IA,19145,182.4,86.2,-96.2
CORN,PALO ALTO,IA,19147,164.6,135.5,-29.1
CORN,PLYMOUTH,IA,19149,187.3,132.1,-55.2
CORN,POCAHONTAS,IA,19151,174.8,116.4,-58.4
CORN,POLK,IA,19153,181.4,102.3,-79.1
CORN,POTTAWATTAMIE,IA,19155,169.1,101.5,-67.6
CORN,POWESHIEK,IA,19157,188.4,155.2,-33.2
CORN,RINGGOLD,IA,19159,166.4,73,-93.4
CORN,SAC,IA,19161,179.8,115,-64.8
CORN,SCOTT,IA,19163,194.5,93.7,-100.8
CORN,SHELBY,IA,19165,185.2,75.9,-109.3
CORN,SIOUX,IA,19167,187.4,174.4,-13
CORN,STORY,IA,19169,169.9,97.8,-72.1
CORN,TAMA,IA,19171,182.7,98.2,-84.5
CORN,TAYLOR,IA,19173,178.8,93.1,-85.7
CORN,UNION,IA,19175,176.1,124.1,-52
CORN,VAN BUREN,IA,19177,192.2,177.7,-14.5
CORN,WAPELLO,IA,19179,195.2,103.6,-91.6
CORN,WARREN,IA,19181,169.9,68.2,-101.7
CORN,WASHINGTON,IA,19183,191.3,171.4,-19.9
CORN,WAYNE,IA,19185,171.9,79.7,-92.2
CORN,WEBSTER,IA,19187,190,112.3,-77.7
CORN,WINNEBAGO,IA,19189,172.7,85.7,-87
CORN,WINNESHIEK,IA,19191,174,128.9,-45.1
CORN,WOODBURY,IA,19193,177.5,90.7,-86.8
CORN,WORTH,IA,19195,181.5,117.8,-63.7
CORN,WRIGHT,IA,19197,169.4,110.2,-59.2
CORN,ALLEN,KS,20001,150.8,128.2,-22.6
CORN,ANDERSON,KS,20003,149.1,103.5,-45.6
CORN,ATCHISON,KS,20005,183.8,50.7,-133.1
CORN,BARBER,KS,20007,152.1,156.1,4
CORN,BARTON,KS,20009,175.3,91,-84.3
CORN,BOURBON,KS,20011,150.2,106.2,-44
CORN,BROWN,KS,20013,196,96.4,-99.6
CORN,BUTLER,KS,20015,124.8,66,-58.8
CORN,CHASE,KS,20017,125.1,134.9,9.8
CORN,CHEROKEE,KS,20021,155.8,123.4,-32.4
CORN,COFFEY,KS,20031,124.5,111.6,-12.9
CORN,COWLEY,KS,20035,142.6,187.6,45
CORN,CRAWFORD,KS,20037,155,129.2,-25.8
CORN,DONIPHAN,KS,20043,209,90.8,-118.2
CORN,DOUGLAS,KS,20045,152,119.8,-32.2
CORN,EDWARDS,KS,20047,184.9,128,-56.9
CORN,ELK,KS,20049,155.8,187,31.2
CORN,FINNEY,KS,20055,166.6,106,-60.6
CORN,FRANKLIN,KS,20059,146,131.4,-14.6
CORN,GEARY,KS,20061,137.9,156.8,18.9
CORN,GOVE,KS,20063,99.4,154.2,54.8
CORN,GRANT,KS,20067,198.7,120.7,-78
CORN,GRAY,KS,20069,211.7,75.4,-136.3
CORN,GREENWOOD,KS,20073,129.2,117.4,-11.8
CORN,HAMILTON,KS,20075,136.8,119.3,-17.5
CORN,HARPER,KS,20077,127.9,1130.3,1002.4
CORN,HARVEY,KS,20079,134.7,175.9,41.2
CORN,JACKSON,KS,20085,152.3,162,9.7
CORN,JEFFERSON,KS,20087,166.4,183,16.6
CORN,JEWELL,KS,20089,143.3,132.5,-10.8
CORN,KEARNY,KS,20093,169.7,156,-13.7
CORN,KINGMAN,KS,20095,171.2,196.8,25.6
CORN,KIOWA,KS,20097,202.6,187,-15.6
CORN,LANE,KS,20101,173.7,166.8,-6.9
CORN,LINCOLN,KS,20105,88.9,175,86.1
CORN,LINN,KS,20107,157.6,156,-1.6
CORN,LOGAN,KS,20109,101.6,194,92.4
CORN,LYON,KS,20111,124.9,163,38.1
CORN,MCPHERSON,KS,20113,146.8,155,8.2
CORN,MARION,KS,20115,100.8,163,62.2
CORN,MARSHALL,KS,20117,130.8,125,-5.8
CORN,MEADE,KS,20119,211.7,159.4,-52.3
CORN,MIAMI,KS,20121,158.3,177,18.7
CORN,MITCHELL,KS,20123,103.8,156,52.2
CORN,MONTGOMERY,KS,20125,145.2,160,14.8
CORN,MORRIS,KS,20127,106.2,174,67.8
CORN,MORTON,KS,20129,179.5,183,3.5
CORN,NEMAHA,KS,20131,140.2,180,39.8
CORN,NEOSHO,KS,20133,134.9,176.5,41.6
CORN,NESS,KS,20135,100.6,195,94.4
CORN,NORTON,KS,20137,77.6,167,89.4
CORN,OSAGE,KS,20139,127.9,183,55.1
CORN,OSBORNE,KS,20141,110.2,160,49.8
CORN,PHILLIPS,KS,20147,85.3,152,66.7
CORN,POTTAWATOMIE,KS,20149,136.7,176,39.3
CORN,REPUBLIC,KS,20157,158.3,169,10.7
CORN,RICE,KS,20159,132,186,54
CORN,RUSH,KS,20165,145.6,182.5,36.9
CORN,SALINE,KS,20169,100.9,149,48.1
CORN,SCOTT,KS,20171,150.7,186,35.3
CORN,SEDGWICK,KS,20173,152.5,166,13.5
CORN,SHAWNEE,KS,20177,138.7,168,29.3
CORN,SHERIDAN,KS,20179,119.5,153,33.5
CORN,SHERMAN,KS,20181,157.5,161,3.5
CORN,STEVENS,KS,20189,186.5,137.8,-48.7
CORN,SUMNER,KS,20191,121.7,195,73.3
CORN,THOMAS,KS,20193,125.1,178,52.9
CORN,WALLACE,KS,20199,138.6,178,39.4
CORN,WASHINGTON,KS,20201,116.3,188,71.7
CORN,WICHITA,KS,20203,137.5,158,20.5
CORN,WILSON,KS,20205,144.4,180,35.6
CORN,WOODSON,KS,20207,122.4,133,10.6
CORN,OTHER (COMBINED) COUNTIES,KS,20998,1219,152,-1067
CORN,ADAIR,KY,21001,155.6,164,8.4
CORN,BARREN,KY,21009,158,177,19
CORN,BATH,KY,21011,141.5,175,33.5
CORN,BOURBON,KY,21017,168.8,157,-11.8
CORN,BOYLE,KY,21021,170.2,202,31.8
CORN,BRACKEN,KY,21023,130.5,170,39.5
CORN,BRECKINRIDGE,KY,21027,152.1,183,30.9
CORN,BULLITT,KY,21029,149.8,140,-9.8
CORN,BUTLER,KY,21031,170.4,162,-8.4
CORN,CALDWELL,KY,21033,151.2,162.5,11.3
CORN,CALLOWAY,KY,21035,140.3,185,44.7
CORN,CAMPBELL,KY,21037,144.4,182,37.6
CORN,CARLISLE,KY,21039,171.9,176,4.1
CORN,CARTER,KY,21043,100,177.5,77.5
CORN,CASEY,KY,21045,146.7,181,34.3
CORN,CHRISTIAN,KY,21047,147.9,174,26.1
CORN,CLARK,KY,21049,146.6,172.5,25.9
CORN,CLINTON,KY,21053,180,184,4
CORN,CUMBERLAND,KY,21057,179.9,194,14.1
CORN,DAVIESS,KY,21059,185.1,174.6,-10.5
CORN,EDMONSON,KY,21061,155.4,188.9,33.5
CORN,ESTILL,KY,21065,145.5,179,33.5
CORN,FAYETTE,KY,21067,158.5,157.5,-1
CORN,FRANKLIN,KY,21073,138.4,793.7,655.3
CORN,FULTON,KY,21075,186.1,157.9,-28.2
CORN,GALLATIN,KY,21077,153.2,105.3,-47.9
CORN,GARRARD,KY,21079,143.5,166.5,23
CORN,GRANT,KY,21081,136.1,184.5,48.4
CORN,GRAVES,KY,21083,147,185.3,38.3
CORN,GRAYSON,KY,21085,130.5,186.2,55.7
CORN,GREEN,KY,21087,132.5,185.8,53.3
CORN,GREENUP,KY,21089,160.4,169,8.6
CORN,HARDIN,KY,21093,146.1,125.3,-20.8
CORN,HARRISON,KY,21097,168.3,170.3,2
CORN,HART,KY,21099,131,163,32
CORN,HENDERSON,KY,21101,178.1,146.6,-31.5
CORN,HENRY,KY,21103,148.7,147,-1.7
CORN,HICKMAN,KY,21105,172.1,190.1,18
CORN,JESSAMINE,KY,21113,154.2,131,-23.2
CORN,KNOX,KY,21121,122.2,178.9,56.7
CORN,LARUE,KY,21123,142.7,184.8,42.1
CORN,LEWIS,KY,21135,145.6,374.5,228.9
CORN,LOGAN,KY,21141,132.6,100,-32.6
CORN,MCCRACKEN,KY,21145,160.8,126.3,-34.5
CORN,MCLEAN,KY,21149,183.7,151.2,-32.5
CORN,MADISON,KY,21151,156.3,106.7,-49.6
CORN,MARION,KY,21155,145.2,155,9.8
CORN,MARSHALL,KY,21157,104,148.7,44.7
CORN,MASON,KY,21161,148.1,138.2,-9.9
CORN,MEADE,KY,21163,174,116.6,-57.4
CORN,METCALFE,KY,21169,162,159.3,-2.7
CORN,MONROE,KY,21171,159.9,157,-2.9
CORN,MONTGOMERY,KY,21173,130.8,119.5,-11.3
CORN,NICHOLAS,KY,21181,153,146,-7
CORN,OHIO,KY,21183,199.1,171.8,-27.3
CORN,OLDHAM,KY,21185,161.6,147.2,-14.4
CORN,OWEN,KY,21187,144.3,80.5,-63.8
CORN,PENDLETON,KY,21191,138.2,154.6,16.4
CORN,POWELL,KY,21197,97.7,129.6,31.9
CORN,PULASKI,KY,21199,174.5,147.2,-27.3
CORN,ROWAN,KY,21205,153.3,150.9,-2.4
CORN,RUSSELL,KY,21207,152.4,98.5,-53.9
CORN,SCOTT,KY,21209,148.4,136.6,-11.8
CORN,SHELBY,KY,21211,160.8,159.5,-1.3
CORN,SIMPSON,KY,21213,125,157.5,32.5
CORN,SPENCER,KY,21215,174.9,109.3,-65.6
CORN,TAYLOR,KY,21217,168.5,160,-8.5
CORN,TODD,KY,21219,130,148.3,18.3
CORN,TRIGG,KY,21221,115.1,175,59.9
CORN,TRIMBLE,KY,21223,171.1,163.8,-7.3
CORN,UNION,KY,21225,187,152.5,-34.5
CORN,WARREN,KY,21227,133.2,143.8,10.6
CORN,WAYNE,KY,21231,176.5,145.7,-30.8
CORN,WEBSTER,KY,21233,158,105.6,-52.4
CORN,WOODFORD,KY,21239,154.2,149.1,-5.1
CORN,OTHER (COMBINED) COUNTIES,KY,21998,907.5,144.3,-763.2
CORN,AVOYELLES,LA,22009,172.1,156.7,-15.4
CORN,CATAHOULA,LA,22025,183.2,166.7,-16.5
CORN,CONCORDIA,LA,22029,169.5,154.8,-14.7
CORN,EAST CARROLL,LA,22035,191.2,177.1,-14.1
CORN,FRANKLIN,LA,22041,197.5,142.6,-54.9
CORN,MADISON,LA,22065,183.9,158.7,-25.2
CORN,MOREHOUSE,LA,22067,192.1,144.1,-48
CORN,NATCHITOCHES,LA,22069,150.8,126.9,-23.9
CORN,POINTE COUPEE,LA,22077,186.9,154.7,-32.2
CORN,RAPIDES,LA,22079,177.2,108.3,-68.9
CORN,RICHLAND,LA,22083,184.6,173.5,-11.1
CORN,SAINT LANDRY,LA,22097,184.5,164.6,-19.9
CORN,TENSAS,LA,22107,182.6,144.1,-38.5
CORN,WEST CARROLL,LA,22123,184.5,172.4,-12.1
CORN,OTHER (COMBINED) COUNTIES,LA,22998,654.7,133.3,-521.4
CORN,ALLEGANY,MD,24001,125,114.9,-10.1
CORN,ANNE ARUNDEL,MD,24003,165.5,165.5,0
CORN,BALTIMORE,MD,24005,182.5,168.3,-14.2
CORN,CALVERT,MD,24009,121.2,155.7,34.5
CORN,CAROLINE,MD,24011,158.5,85,-73.5
CORN,CARROLL,MD,24013,166,134.7,-31.3
CORN,CECIL,MD,24015,182.4,114.5,-67.9
CORN,CHARLES,MD,24017,112.2,151.9,39.7
CORN,DORCHESTER,MD,24019,204.1,123.1,-81
CORN,FREDERICK,MD,24021,166.6,161.9,-4.7
CORN,GARRETT,MD,24023,156.7,97.8,-58.9
CORN,HARFORD,MD,24025,177.2,93.3,-83.9
CORN,HOWARD,MD,24027,174.6,151.7,-22.9
CORN,KENT,MD,24029,195.2,120,-75.2
CORN,MONTGOMERY,MD,24031,137.7,172.6,34.9
CORN,PRINCE GEORGES,MD,24033,119.3,176.5,57.2
CORN,QUEEN ANNES,MD,24035,196.8,123.7,-73.1
CORN,ST MARYS,MD,24037,139.9,169.8,29.9
CORN,SOMERSET,MD,24039,186.1,172.2,-13.9
CORN,TALBOT,MD,24041,172.5,143.4,-29.1
CORN,WASHINGTON,MD,24043,164.6,116.7,-47.9
CORN,WICOMICO,MD,24045,172.9,401.1,228.2
CORN,WORCESTER,MD,24047,167,88.6,-78.4
CORN,ALCONA,MI,26001,109.3,144.1,34.8
CORN,ALPENA,MI,26007,114.1,181.3,67.2
CORN,ANTRIM,MI,26009,135.4,183.1,47.7
CORN,ARENAC,MI,26011,155.4,198.3,42.9
CORN,BARRY,MI,26015,151.6,173.1,21.5
CORN,BAY,MI,26017,164.4,159.4,-5
CORN,BENZIE,MI,26019,118.3,138.7,20.4
CORN,BERRIEN,MI,26021,176.4,178.9,2.5
CORN,BRANCH,MI,26023,167.2,184.3,17.1
CORN,CALHOUN,MI,26025,158.6,158.9,0.3
CORN,CASS,MI,26027,172,184.6,12.6
CORN,CHARLEVOIX,MI,26029,115.2,173.6,58.4
CORN,CHEBOYGAN,MI,26031,138.5,195.3,56.8
CORN,CLARE,MI,26035,136.6,200.1,63.5
CORN,CLINTON,MI,26037,163.4,161.7,-1.7
CORN,EATON,MI,26045,176.5,192.4,15.9
CORN,EMMET,MI,26047,132.9,174.6,41.7
CORN,GENESEE,MI,26049,142.5,192.5,50
CORN,GLADWIN,MI,26051,158,187.3,29.3
CORN,GRAND TRAVERSE,MI,26055,86.7,187.7,101
CORN,GRATIOT,MI,26057,153.5,159.6,6.1
CORN,HILLSDALE,MI,26059,155,167,12
CORN,HURON,MI,26063,172.3,196.9,24.6
CORN,INGHAM,MI,26065,175.9,121.1,-54.8
CORN,IONIA,MI,26067,161.4,198.1,36.7
CORN,IOSCO,MI,26069,128,184.2,56.2
CORN,ISABELLA,MI,26073,148.1,179.9,31.8
CORN,JACKSON,MI,26075,155.6,183.4,27.8
CORN,KALAMAZOO,MI,26077,188.7,160.7,-28
CORN,KENT,MI,26081,146.8,180,33.2
CORN,LAKE,MI,26085,125,194.3,69.3
CORN,LAPEER,MI,26087,149.1,169.3,20.2
CORN,LENAWEE,MI,26091,174.7,186.1,11.4
CORN,LIVINGSTON,MI,26093,171.4,168.7,-2.7
CORN,MACOMB,MI,26099,160.2,201.4,41.2
CORN,MANISTEE,MI,26101,129.3,190.1,60.8
CORN,MASON,MI,26105,127.1,160.8,33.7
CORN,MECOSTA,MI,26107,134.6,196.7,62.1
CORN,MIDLAND,MI,26111,168.9,166.6,-2.3
CORN,MISSAUKEE,MI,26113,139.8,180.1,40.3
CORN,MONROE,MI,26115,175.4,180.1,4.7
CORN,MONTCALM,MI,26117,149.3,181.4,32.1
CORN,MONTMORENCY,MI,26119,121.4,131.1,9.7
CORN,MUSKEGON,MI,26121,132.7,175.8,43.1
CORN,NEWAYGO,MI,26123,119.4,184,64.6
CORN,OAKLAND,MI,26125,139.3,192.3,53
CORN,OCEANA,MI,26127,123.3,200.8,77.5
CORN,OGEMAW,MI,26129,126.2,201.6,75.4
CORN,OSCEOLA,MI,26133,130,148.6,18.6
CORN,OTTAWA,MI,26139,152.3,197.3,45
CORN,PRESQUE ISLE,MI,26141,140.8,198,57.2
CORN,SAGINAW,MI,26145,171.6,162.3,-9.3
CORN,ST CLAIR,MI,26147,151.4,197.2,45.8
CORN,ST JOSEPH,MI,26149,152.7,206.6,53.9
CORN,SANILAC,MI,26151,171.3,150.2,-21.1
CORN,SHIAWASSEE,MI,26155,156.4,201.1,44.7
CORN,TUSCOLA,MI,26157,178.5,187.4,8.9
CORN,WASHTENAW,MI,26161,172.2,908.6,736.4
CORN,WAYNE,MI,26163,150,162.3,12.3
CORN,WEXFORD,MI,26165,105.7,155.7,50
CORN,OTHER (COMBINED) COUNTIES,MI,26998,436.4,188.5,-247.9
CORN,AITKIN,MN,27001,81.6,169.7,88.1
CORN,ANOKA,MN,27003,109,179.7,70.7
CORN,BECKER,MN,27005,116.2,162.7,46.5
CORN,BENTON,MN,27009,90.3,151.8,61.5
CORN,BIG STONE,MN,27011,155,158.9,3.9
CORN,BLUE EARTH,MN,27013,158.2,191.5,33.3
CORN,BROWN,MN,27015,168.2,195.5,27.3
CORN,CARVER,MN,27019,123.4,198.6,75.2
CORN,CHIPPEWA,MN,27023,164.4,127.3,-37.1
CORN,CHISAGO,MN,27025,113.7,139.5,25.8
CORN,CLAY,MN,27027,131.4,191.6,60.2
CORN,COTTONWOOD,MN,27033,175.7,177.4,1.7
CORN,DAKOTA,MN,27037,168.5,161.6,-6.9
CORN,DODGE,MN,27039,185.3,158.8,-26.5
CORN,DOUGLAS,MN,27041,137,173.6,36.6
CORN,FARIBAULT,MN,27043,164.4,157.1,-7.3
CORN,FILLMORE,MN,27045,176.1,144.6,-31.5
CORN,FREEBORN,MN,27047,167.3,110,-57.3
CORN,GOODHUE,MN,27049,182,163.5,-18.5
CORN,GRANT,MN,27051,144.9,206.3,61.4
CORN,HENNEPIN,MN,27053,138.4,204,65.6
CORN,HOUSTON,MN,27055,169.4,195.9,26.5
CORN,ISANTI,MN,27059,98.2,194.6,96.4
CORN,JACKSON,MN,27063,167.7,138.6,-29.1
CORN,KANABEC,MN,27065,118.2,141.5,23.3
CORN,KANDIYOHI,MN,27067,150.3,178.6,28.3
CORN,LAC QUI PARLE,MN,27073,167.3,201.2,33.9
CORN,LE SUEUR,MN,27079,148.1,161.9,13.8
CORN,LINCOLN,MN,27081,154.1,175.9,21.8
CORN,LYON,MN,27083,152.4,1206.2,1053.8
CORN,MCLEOD,MN,27085,128.6,170.1,41.5
CORN,MAHNOMEN,MN,27087,122.4,131.1,8.7
CORN,MARSHALL,MN,27089,119.2,75.8,-43.4
CORN,MARTIN,MN,27091,168.4,116.9,-51.5
CORN,MEEKER,MN,27093,145.4,159.1,13.7
CORN,MILLE LACS,MN,27095,113.7,170.4,56.7
CORN,MORRISON,MN,27097,117.3,110.6,-6.7
CORN,MOWER,MN,27099,175.9,75,-100.9
CORN,MURRAY,MN,27101,158.7,107.6,-51.1
CORN,NICOLLET,MN,27103,154.3,159,4.7
CORN,NOBLES,MN,27105,157.2,94.3,-62.9
CORN,NORMAN,MN,27107,125.2,92.8,-32.4
CORN,OLMSTED,MN,27109,185,95.6,-89.4
CORN,OTTER TAIL,MN,27111,128.3,173.5,45.2
CORN,PINE,MN,27115,97.3,138.7,41.4
CORN,PIPESTONE,MN,27117,145.8,145.2,-0.6
CORN,POLK,MN,27119,127,67.5,-59.5
CORN,POPE,MN,27121,157.8,109.9,-47.9
CORN,REDWOOD,MN,27127,165.8,159.8,-6
CORN,RENVILLE,MN,27129,150.9,137.9,-13
CORN,RICE,MN,27131,157.1,146.2,-10.9
CORN,ROCK,MN,27133,155,132.1,-22.9
CORN,ROSEAU,MN,27135,110.3,170.3,60
CORN,SCOTT,MN,27139,137.9,125.4,-12.5
CORN,SHERBURNE,MN,27141,128.8,133.3,4.5
CORN,SIBLEY,MN,27143,135.7,173.3,37.6
CORN,STEARNS,MN,27145,133.9,116.7,-17.2
CORN,STEELE,MN,27147,168.5,122.2,-46.3
CORN,STEVENS,MN,27149,164.3,179.5,15.2
CORN,SWIFT,MN,27151,157.8,145,-12.8
CORN,TODD,MN,27153,100.4,124.7,24.3
CORN,TRAVERSE,MN,27155,146.3,126.4,-19.9
CORN,WABASHA,MN,27157,178.3,135.2,-43.1
CORN,WADENA,MN,27159,126,77.8,-48.2
CORN,WASECA,MN,27161,160.2,124.9,-35.3
CORN,WASHINGTON,MN,27163,155.7,158.2,2.5
CORN,WATONWAN,MN,27165,186.3,175.7,-10.6
CORN,WILKIN,MN,27167,136.2,152,15.8
CORN,WINONA,MN,27169,175.6,159.6,-16
CORN,WRIGHT,MN,27171,129.4,139.5,10.1
CORN,YELLOW MEDICINE,MN,27173,153.6,158.8,5.2
CORN,OTHER (COMBINED) COUNTIES,MN,27998,210.7,113.5,-97.2
CORN,ALCORN,MS,28003,154.5,148.6,-5.9
CORN,BENTON,MS,28009,151.2,126.5,-24.7
CORN,BOLIVAR,MS,28011,178.2,161.9,-16.3
CORN,CALHOUN,MS,28013,176.6,172,-4.6
CORN,CARROLL,MS,28015,153,147.5,-5.5
CORN,CHICKASAW,MS,28017,164.8,172.5,7.7
CORN,CLAIBORNE,MS,28021,164.1,70,-94.1
CORN,COAHOMA,MS,28027,186.3,105.2,-81.1
CORN,HINDS,MS,28049,156.9,1240.7,1083.8
CORN,HOLMES,MS,28051,197.8,215.5,17.7
CORN,HUMPHREYS,MS,28053,200.5,205.8,5.3
CORN,ISSAQUENA,MS,28055,192.3,196,3.7
CORN,ITAWAMBA,MS,28057,141,168.3,27.3
CORN,LEE,MS,28081,141,223.6,82.6
CORN,LEFLORE,MS,28083,200.2,186.1,-14.1
CORN,LOWNDES,MS,28087,172.3,197.3,25
CORN,MADISON,MS,28089,158.1,202.4,44.3
CORN,MARSHALL,MS,28093,150,200.3,50.3
CORN,MONROE,MS,28095,154.2,200.6,46.4
CORN,MONTGOMERY,MS,28097,164.3,207.6,43.3
CORN,NOXUBEE,MS,28103,187.8,205.1,17.3
CORN,PANOLA,MS,28107,158.8,207.1,48.3
CORN,QUITMAN,MS,28119,199.7,200,0.3
CORN,SHARKEY,MS,28125,201.7,205.5,3.8
CORN,SUNFLOWER,MS,28133,186.2,233.5,47.3
CORN,TALLAHATCHIE,MS,28135,193.9,112.8,-81.1
CORN,TATE,MS,28137,160.5,206.5,46
CORN,TIPPAH,MS,28139,169,197.3,28.3
CORN,TISHOMINGO,MS,28141,145.7,183.8,38.1
CORN,TUNICA,MS,28143,193.1,201.3,8.2
CORN,UNION,MS,28145,167.1,195,27.9
CORN,WARREN,MS,28149,182.3,151.8,-30.5
CORN,WASHINGTON,MS,28151,206.8,172.6,-34.2
CORN,WEBSTER,MS,28155,150,109.5,-40.5
CORN,YAZOO,MS,28163,193.8,205,11.2
CORN,OTHER (COMBINED) COUNTIES,MS,28998,950.1,204.6,-745.5
CORN,ADAIR,MO,29001,179.5,197.8,18.3
CORN,ANDREW,MO,29003,171.9,217.6,45.7
CORN,ATCHISON,MO,29005,192.2,223.8,31.6
CORN,AUDRAIN,MO,29007,185.5,181.2,-4.3
CORN,BARRY,MO,29009,143.5,170.4,26.9
CORN,BARTON,MO,29011,178.9,139.6,-39.3
CORN,BOONE,MO,29019,187.8,206.4,18.6
CORN,BUTLER,MO,29023,174.2,184.6,10.4
CORN,CALDWELL,MO,29025,184.7,180.5,-4.2
CORN,CALLAWAY,MO,29027,183.9,145.7,-38.2
CORN,CAPE GIRARDEAU,MO,29031,157.6,214.7,57.1
CORN,CASS,MO,29037,179.1,171.5,-7.6
CORN,CHARITON,MO,29041,187.8,212.1,24.3
CORN,CHRISTIAN,MO,29043,138.6,200,61.4
CORN,CLAY,MO,29047,182.8,179.7,-3.1
CORN,CLINTON,MO,29049,183.6,182.5,-1.1
CORN,COLE,MO,29051,178.3,211.3,33
CORN,DADE,MO,29057,167.3,182.2,14.9
CORN,DALLAS,MO,29059,145,193,48
CORN,DAVIESS,MO,29061,176.9,163.5,-13.4
CORN,FRANKLIN,MO,29071,173,186,13
CORN,GASCONADE,MO,29073,159.7,171.4,11.7
CORN,GREENE,MO,29077,132.6,163.8,31.2
CORN,HENRY,MO,29083,162.1,153.9,-8.2
CORN,HICKORY,MO,29085,167.3,149,-18.3
CORN,HOLT,MO,29087,201,228.6,27.6
CORN,HOWELL,MO,29091,170.9,199.2,28.3
CORN,JEFFERSON,MO,29099,126.8,192.5,65.7
CORN,JOHNSON,MO,29101,185.9,211,25.1
CORN,KNOX,MO,29103,194.5,161.1,-33.4
CORN,LACLEDE,MO,29105,126.7,188.7,62
CORN,LAFAYETTE,MO,29107,209.7,200,-9.7
CORN,LAWRENCE,MO,29109,144.6,195.3,50.7
CORN,LEWIS,MO,29111,183,194.8,11.8
CORN,MARIES,MO,29125,166.3,194.1,27.8
CORN,MARION,MO,29127,181.4,153.8,-27.6
CORN,MILLER,MO,29131,175.4,191,15.6
CORN,MISSISSIPPI,MO,29133,196.4,204.3,7.9
CORN,MONROE,MO,29137,187.2,208,20.8
CORN,MORGAN,MO,29141,147.3,186.8,39.5
CORN,NEW MADRID,MO,29143,197.6,212.1,14.5
CORN,NODAWAY,MO,29147,194.3,187.5,-6.8
CORN,OSAGE,MO,29151,182.5,204.8,22.3
CORN,PEMISCOT,MO,29155,179.2,168.6,-10.6
CORN,PERRY,MO,29157,169.8,215.1,45.3
CORN,PETTIS,MO,29159,187.5,879.9,692.4
CORN,PIKE,MO,29163,192.9,138.9,-54
CORN,POLK,MO,29167,167.8,165.2,-2.6
CORN,RANDOLPH,MO,29175,171.9,163.7,-8.2
CORN,RAY,MO,29177,191.3,162.4,-28.9
CORN,ST CHARLES,MO,29183,179.3,155.1,-24.2
CORN,ST CLAIR,MO,29185,157.4,170,12.6
CORN,STE GENEVIEVE,MO,29186,191.5,150.1,-41.4
CORN,ST FRANCOIS,MO,29187,164.7,146.5,-18.2
CORN,ST LOUIS,MO,29189,183.7,145.3,-38.4
CORN,SALINE,MO,29195,207.2,168.3,-38.9
CORN,SCOTLAND,MO,29199,179.6,142.4,-37.2
CORN,SHELBY,MO,29205,184,174.3,-9.7
CORN,STODDARD,MO,29207,190.2,166.4,-23.8
CORN,SULLIVAN,MO,29211,162.7,159.3,-3.4
CORN,WARREN,MO,29219,187.6,150.6,-37
CORN,WEBSTER,MO,29225,122.2,165.2,43
CORN,WORTH,MO,29227,190.4,150.2,-40.2
CORN,OTHER (COMBINED) COUNTIES,MO,29998,1622.3,159.9,-1462.4
CORN,CARBON,MT,30009,163.6,160.9,-2.7
CORN,CARTER,MT,30011,44.6,164,119.4
CORN,CHOUTEAU,MT,30015,92.6,158.9,66.3
CORN,CUSTER,MT,30017,143.9,162.6,18.7
CORN,DANIELS,MT,30019,68.4,172.3,103.9
CORN,GARFIELD,MT,30033,55,168.6,113.6
CORN,MCCONE,MT,30055,92,153,61
CORN,RICHLAND,MT,30083,116.5,110.5,-6
CORN,SHERIDAN,MT,30091,70.8,170.1,99.3
CORN,STILLWATER,MT,30095,175,167.2,-7.8
CORN,YELLOWSTONE,MT,30111,124.4,761.6,637.2
CORN,OTHER (COMBINED) COUNTIES,MT,30998,454.7,89,-365.7
CORN,ADAMS,NE,31001,183.3,96.1,-87.2
CORN,ANTELOPE,NE,31003,185.9,129.4,-56.5
CORN,BANNER,NE,31007,90.3,108.9,18.6
CORN,BLAINE,NE,31009,154.3,123.4,-30.9
CORN,BOONE,NE,31011,193.6,105.6,-88
CORN,BOX BUTTE,NE,31013,160,124.4,-35.6
CORN,BROWN,NE,31017,193.2,168.1,-25.1
CORN,BUFFALO,NE,31019,190.8,144.8,-46
CORN,BURT,NE,31021,171.5,108.6,-62.9
CORN,BUTLER,NE,31023,182.6,145.3,-37.3
CORN,CASS,NE,31025,170.2,126.9,-43.3
CORN,CEDAR,NE,31027,184.8,118.5,-66.3
CORN,CHASE,NE,31029,186.3,105,-81.3
CORN,CHEYENNE,NE,31033,139.7,141.1,1.4
CORN,CLAY,NE,31035,203,85.3,-117.7
CORN,COLFAX,NE,31037,202,107.1,-94.9
CORN,CUMING,NE,31039,181.1,96.3,-84.8
CORN,CUSTER,NE,31041,176.6,97.3,-79.3
CORN,DAKOTA,NE,31043,186.8,106.2,-80.6
CORN,DAWES,NE,31045,108.2,87.9,-20.3
CORN,DAWSON,NE,31047,205.4,137.8,-67.6
CORN,DIXON,NE,31051,181,91.3,-89.7
CORN,DODGE,NE,31053,177.5,101.9,-75.6
CORN,DOUGLAS,NE,31055,182.9,86.6,-96.3
CORN,DUNDY,NE,31057,160.7,113.4,-47.3
CORN,FILLMORE,NE,31059,198.7,58.8,-139.9
CORN,FRANKLIN,NE,31061,169.7,114.8,-54.9
CORN,FRONTIER,NE,31063,131.5,134.5,3
CORN,FURNAS,NE,31065,122.4,138.2,15.8
CORN,GAGE,NE,31067,169.7,102.3,-67.4
CORN,GARDEN,NE,31069,143.9,66,-77.9
CORN,GARFIELD,NE,31071,137.4,111.3,-26.1
CORN,GOSPER,NE,31073,187.1,116.4,-70.7
CORN,GREELEY,NE,31077,176.5,122.6,-53.9
CORN,HALL,NE,31079,204.8,90.8,-114
CORN,HAMILTON,NE,31081,209,120.7,-88.3
CORN,HARLAN,NE,31083,163.8,92.6,-71.2
CORN,HAYES,NE,31085,149.9,122.3,-27.6
CORN,HITCHCOCK,NE,31087,107,122.4,15.4
CORN,HOLT,NE,31089,169.6,161.2,-8.4
CORN,HOWARD,NE,31093,176.2,135.1,-41.1
CORN,JEFFERSON,NE,31095,185.3,95.7,-89.6
CORN,JOHNSON,NE,31097,160.3,92.7,-67.6
CORN,KEARNEY,NE,31099,203.4,92.7,-110.7
CORN,KEITH,NE,31101,167.9,111.9,-56
CORN,KEYA PAHA,NE,31103,156.4,110,-46.4
CORN,KNOX,NE,31107,183.4,107.9,-75.5
CORN,LANCASTER,NE,31109,155.7,113.4,-42.3
CORN,LINCOLN,NE,31111,178.7,95.4,-83.3
CORN,LOGAN,NE,31113,154.7,96.8,-57.9
CORN,MADISON,NE,31119,182.8,100,-82.8
CORN,MERRICK,NE,31121,183.4,163.4,-20
CORN,MORRILL,NE,31123,176.4,166.7,-9.7
CORN,NANCE,NE,31125,178.1,136.1,-42
CORN,NEMAHA,NE,31127,177.2,85,-92.2
CORN,NUCKOLLS,NE,31129,175.3,42.7,-132.6
CORN,OTOE,NE,31131,158.8,86.1,-72.7
CORN,PAWNEE,NE,31133,150.3,136.9,-13.4
CORN,PERKINS,NE,31135,150.8,95.8,-55
CORN,PHELPS,NE,31137,222.7,152.3,-70.4
CORN,PIERCE,NE,31139,176.9,94.1,-82.8
CORN,PLATTE,NE,31141,195.4,126.6,-68.8
CORN,POLK,NE,31143,190.1,875.1,685
CORN,RED WILLOW,NE,31145,122.5,83.7,-38.8
CORN,RICHARDSON,NE,31147,181.1,164.9,-16.2
CORN,ROCK,NE,31149,176,132.2,-43.8
CORN,SALINE,NE,31151,176.9,92.5,-84.4
CORN,SARPY,NE,31153,197.5,70.5,-127
CORN,SAUNDERS,NE,31155,185.6,100.3,-85.3
CORN,SCOTTS BLUFF,NE,31157,177.5,123.7,-53.8
CORN,SEWARD,NE,31159,194.2,183.5,-10.7
CORN,SHERIDAN,NE,31161,168.7,77.5,-91.2
CORN,SHERMAN,NE,31163,154.9,120.6,-34.3
CORN,SIOUX,NE,31165,178,110,-68
CORN,STANTON,NE,31167,178.6,162.4,-16.2
CORN,THAYER,NE,31169,196.6,93.9,-102.7
CORN,THURSTON,NE,31173,181.3,106,-75.3
CORN,VALLEY,NE,31175,169,119.9,-49.1
CORN,WASHINGTON,NE,31177,159.4,127.1,-32.3
CORN,WAYNE,NE,31179,188.5,130,-58.5
CORN,WEBSTER,NE,31181,140.9,198,57.1
CORN,WHEELER,NE,31183,197.6,194.3,-3.3
CORN,YORK,NE,31185,197.7,207.6,9.9
CORN,OTHER (COMBINED) COUNTIES,NE,31998,251.6,174.8,-76.8
CORN,ATLANTIC,NJ,34001,135.5,128.4,-7.1
CORN,CUMBERLAND,NJ,34011,168.5,89.3,-79.2
CORN,GLOUCESTER,NJ,34015,162.1,130.5,-31.6
CORN,HUNTERDON,NJ,34019,168.6,1071.3,902.7
CORN,MERCER,NJ,34021,150.8,175.9,25.1
CORN,MIDDLESEX,NJ,34023,137.6,196.9,59.3
CORN,MORRIS,NJ,34027,133.3,152.2,18.9
CORN,SALEM,NJ,34033,178.3,144,-34.3
CORN,SOMERSET,NJ,34035,100.8,135.3,34.5
CORN,SUSSEX,NJ,34037,111,210,99
CORN,WARREN,NJ,34041,158,100,-58
CORN,OTHER (COMBINED) COUNTIES,NJ,34998,185.8,191.9,6.1
CORN,UNION,NM,35059,201.1,182,-19.1
CORN,OTHER (COMBINED) COUNTIES,NM,35998,370.7,130.4,-240.3
CORN,ALBANY,NY,36001,160,191.8,31.8
CORN,BROOME,NY,36007,158.3,204,45.7
CORN,CAYUGA,NY,36011,160.3,195,34.7
CORN,CORTLAND,NY,36023,136.4,213,76.6
CORN,FULTON,NY,36035,156,151.4,-4.6
CORN,GENESEE,NY,36037,147.2,166.7,19.5
CORN,JEFFERSON,NY,36045,133.6,203,69.4
CORN,LEWIS,NY,36049,138,205.9,67.9
CORN,MADISON,NY,36053,134.5,176.1,41.6
CORN,MONROE,NY,36055,175.1,183.6,8.5
CORN,NIAGARA,NY,36063,150.9,191.7,40.8
CORN,ONEIDA,NY,36065,151.8,165,13.2
CORN,ONONDAGA,NY,36067,151.2,180.9,29.7
CORN,ONTARIO,NY,36069,168.4,173.9,5.5
CORN,OTSEGO,NY,36077,143.4,156.8,13.4
CORN,RENSSELAER,NY,36083,152.1,214,61.9
CORN,ST LAWRENCE,NY,36089,139.9,145.8,5.9
CORN,SARATOGA,NY,36091,141,198.1,57.1
CORN,SCHUYLER,NY,36097,145.5,183.9,38.4
CORN,STEUBEN,NY,36101,130.8,190,59.2
CORN,TIOGA,NY,36107,141.1,146.7,5.6
CORN,ULSTER,NY,36111,153.3,179.9,26.6
CORN,WAYNE,NY,36117,151,179.5,28.5
CORN,YATES,NY,36123,168.3,150,-18.3
CORN,OTHER (COMBINED) COUNTIES,NY,36998,819.8,163.3,-656.5
CORN,ALEXANDER,NC,37003,139.4,174.8,35.4
CORN,ANSON,NC,37007,123,153.3,30.3
CORN,BEAUFORT,NC,37013,136.1,164.8,28.7
CORN,BERTIE,NC,37015,128.7,129,0.3
CORN,BLADEN,NC,37017,112.1,195.1,83
CORN,BRUNSWICK,NC,37019,107.6,183.7,76.1
CORN,BUNCOMBE,NC,37021,170,198.8,28.8
CORN,BURKE,NC,37023,100.5,158,57.5
CORN,CABARRUS,NC,37025,137,209.7,72.7
CORN,CALDWELL,NC,37027,145,174,29
CORN,CAMDEN,NC,37029,184.8,140,-44.8
CORN,CATAWBA,NC,37035,131.4,208.6,77.2
CORN,CHATHAM,NC,37037,102.9,200,97.1
CORN,CHEROKEE,NC,37039,210.2,177.4,-32.8
CORN,CHOWAN,NC,37041,129.6,152,22.4
CORN,CLEVELAND,NC,37045,107.6,178.6,71
CORN,COLUMBUS,NC,37047,121.4,165,43.6
CORN,CRAVEN,NC,37049,149.1,178,28.9
CORN,CUMBERLAND,NC,37051,100,170,70
CORN,CURRITUCK,NC,37053,153.7,188,34.3
CORN,DAVIDSON,NC,37057,109.7,180,70.3
CORN,DAVIE,NC,37059,114.3,155.6,41.3
CORN,DUPLIN,NC,37061,131.9,201,69.1
CORN,EDGECOMBE,NC,37065,128.9,198,69.1
CORN,GATES,NC,37073,158.5,185.7,27.2
CORN,GREENE,NC,37079,151.1,181,29.9
CORN,GUILFORD,NC,37081,78.1,170,91.9
CORN,HALIFAX,NC,37083,126.2,180.4,54.2
CORN,HENDERSON,NC,37089,168.4,202.9,34.5
CORN,HERTFORD,NC,37091,147.4,151,3.6
CORN,HOKE,NC,37093,116.4,176,59.6
CORN,IREDELL,NC,37097,128,143.8,15.8
CORN,JOHNSTON,NC,37101,133,192.1,59.1
CORN,JONES,NC,37103,156,196.2,40.2
CORN,LENOIR,NC,37107,149.7,192.8,43.1
CORN,LINCOLN,NC,37109,113.8,147.9,34.1
CORN,MCDOWELL,NC,37111,111.5,166.2,54.7
CORN,MACON,NC,37113,167.9,182,14.1
CORN,MARTIN,NC,37117,113.1,176.9,63.8
CORN,MOORE,NC,37125,78.3,182.8,104.5
CORN,NORTHAMPTON,NC,37131,129.8,631.4,501.6
CORN,ONSLOW,NC,37133,130.6,70.3,-60.3
CORN,ORANGE,NC,37135,97.7,80,-17.7
CORN,PAMLICO,NC,37137,147.5,112.7,-34.8
CORN,PASQUOTANK,NC,37139,174,115,-59
CORN,PERQUIMANS,NC,37143,151.1,89.5,-61.6
CORN,PERSON,NC,37145,107,76.1,-30.9
CORN,PITT,NC,37147,126.9,81.6,-45.3
CORN,RANDOLPH,NC,37151,94.3,114.4,20.1
CORN,ROCKINGHAM,NC,37157,95,78.7,-16.3
CORN,ROWAN,NC,37159,114.8,171,56.2
CORN,RUTHERFORD,NC,37161,103.6,117.9,14.3
CORN,SCOTLAND,NC,37165,110.8,64.2,-46.6
CORN,STANLY,NC,37167,131.7,120.5,-11.2
CORN,SURRY,NC,37171,151.6,764.5,612.9
CORN,TYRRELL,NC,37177,143,112.6,-30.4
CORN,UNION,NC,37179,134.8,124,-10.8
CORN,WASHINGTON,NC,37187,165.5,134.2,-31.3
CORN,WAYNE,NC,37191,138.3,153.1,14.8
CORN,WILSON,NC,37195,145.9,175.5,29.6
CORN,YADKIN,NC,37197,119.2,116.5,-2.7
CORN,OTHER (COMBINED) COUNTIES,NC,37998,935.3,82.7,-852.6
CORN,ADAMS,ND,38001,76.6,149.7,73.1
CORN,BARNES,ND,38003,128.9,167,38.1
CORN,BENSON,ND,38005,112.7,161.8,49.1
CORN,BILLINGS,ND,38007,86,128.1,42.1
CORN,BOTTINEAU,ND,38009,95.9,145.5,49.6
CORN,BURLEIGH,ND,38015,99.7,147,47.3
CORN,CASS,ND,38017,138.9,144.8,5.9
CORN,CAVALIER,ND,38019,104.5,129.4,24.9
CORN,DICKEY,ND,38021,150.6,145.8,-4.8
CORN,DUNN,ND,38025,89.5,120.7,31.2
CORN,EDDY,ND,38027,122.8,159.4,36.6
CORN,EMMONS,ND,38029,98.5,131.6,33.1
CORN,FOSTER,ND,38031,110.8,134.4,23.6
CORN,GRAND FORKS,ND,38035,126.1,131.6,5.5
CORN,HETTINGER,ND,38041,94.1,117.8,23.7
CORN,KIDDER,ND,38043,108.9,167.1,58.2
CORN,MCINTOSH,ND,38051,107.9,165.8,57.9
CORN,MCKENZIE,ND,38053,71.7,152.7,81
CORN,MCLEAN,ND,38055,118.4,158.4,40
CORN,MOUNTRAIL,ND,38061,104.5,97.8,-6.7
CORN,NELSON,ND,38063,104.1,125.9,21.8
CORN,PEMBINA,ND,38067,127.3,133,5.7
CORN,RAMSEY,ND,38071,111.2,117.3,6.1
CORN,RENVILLE,ND,38075,113.1,121.3,8.2
CORN,RICHLAND,ND,38077,135.2,133.4,-1.8
CORN,ROLETTE,ND,38079,97.8,137.2,39.4
CORN,SARGENT,ND,38081,148.4,129.1,-19.3
CORN,STUTSMAN,ND,38093,122.1,123.8,1.7
CORN,TOWNER,ND,38095,116,139,23
CORN,TRAILL,ND,38097,123.1,126.6,3.5
CORN,WALSH,ND,38099,118,131.1,13.1
CORN,WARD,ND,38101,111.1,78.9,-32.2
CORN,WILLIAMS,ND,38105,83.9,122.1,38.2
CORN,OTHER (COMBINED) COUNTIES,ND,38998,845.7,131.6,-714.1
CORN,ADAMS,OH,39001,143.3,118.1,-25.2
CORN,ALLEN,OH,39003,179.1,117.2,-61.9
CORN,ASHLAND,OH,39005,146.9,123.1,-23.8
CORN,ASHTABULA,OH,39007,149.7,140,-9.7
CORN,ATHENS,OH,39009,160.4,1068.3,907.9
CORN,AUGLAIZE,OH,39011,178.2,100.2,-78
CORN,BELMONT,OH,39013,130,113.8,-16.2
CORN,BROWN,OH,39015,171.3,132.1,-39.2
CORN,BUTLER,OH,39017,175.5,61,-114.5
CORN,CARROLL,OH,39019,123.2,119.2,-4
CORN,CHAMPAIGN,OH,39021,180.8,141.9,-38.9
CORN,CLARK,OH,39023,195,94.6,-100.4
CORN,CLERMONT,OH,39025,179.5,118.1,-61.4
CORN,CLINTON,OH,39027,200,123.8,-76.2
CORN,COLUMBIANA,OH,39029,163.3,114.2,-49.1
CORN,COSHOCTON,OH,39031,166.5,100,-66.5
CORN,CRAWFORD,OH,39033,183.4,150.5,-32.9
CORN,DARKE,OH,39037,183.8,113.8,-70
CORN,DEFIANCE,OH,39039,184,137.1,-46.9
CORN,DELAWARE,OH,39041,154.3,157.9,3.6
CORN,ERIE,OH,39043,159.3,148.2,-11.1
CORN,FAIRFIELD,OH,39045,178,122.5,-55.5
CORN,FAYETTE,OH,39047,185.4,130.4,-55
CORN,FRANKLIN,OH,39049,172.8,129.4,-43.4
CORN,FULTON,OH,39051,183.1,91.4,-91.7
CORN,GALLIA,OH,39053,145.8,148.1,2.3
CORN,GEAUGA,OH,39055,122.6,111.9,-10.7
CORN,GREENE,OH,39057,190.9,691.2,500.3
CORN,GUERNSEY,OH,39059,166.7,164.3,-2.4
CORN,HAMILTON,OH,39061,197.4,159.7,-37.7
CORN,HANCOCK,OH,39063,193.3,128.7,-64.6
CORN,HARDIN,OH,39065,167.9,198.9,31
CORN,HARRISON,OH,39067,151.4,155.4,4
CORN,HENRY,OH,39069,190.9,168.9,-22
CORN,HIGHLAND,OH,39071,177.8,129.6,-48.2
CORN,HOCKING,OH,39073,169.7,177.7,8
CORN,HOLMES,OH,39075,154.3,177.5,23.2
CORN,HURON,OH,39077,155,179.6,24.6
CORN,JACKSON,OH,39079,137.5,91.9,-45.6
CORN,JEFFERSON,OH,39081,152.9,100,-52.9
CORN,KNOX,OH,39083,156.2,190.6,34.4
CORN,LAWRENCE,OH,39087,134.5,117.3,-17.2
CORN,LICKING,OH,39089,153.6,103.2,-50.4
CORN,LOGAN,OH,39091,165.2,185.1,19.9
CORN,LORAIN,OH,39093,160.2,157.4,-2.8
CORN,LUCAS,OH,39095,179.9,191.8,11.9
CORN,MADISON,OH,39097,170.6,138.3,-32.3
CORN,MAHONING,OH,39099,149.2,106,-43.2
CORN,MARION,OH,39101,171.8,166.8,-5
CORN,MEDINA,OH,39103,157.6,125.7,-31.9
CORN,MEIGS,OH,39105,151.9,147.5,-4.4
CORN,MERCER,OH,39107,193.8,184.5,-9.3
CORN,MIAMI,OH,39109,178.9,192.7,13.8
CORN,MONROE,OH,39111,146,161.9,15.9
CORN,MONTGOMERY,OH,39113,187.1,120.7,-66.4
CORN,MORGAN,OH,39115,160,177.9,17.9
CORN,MORROW,OH,39117,153.8,108.7,-45.1
CORN,MUSKINGUM,OH,39119,156.6,184.6,28
CORN,NOBLE,OH,39121,156.3,87.8,-68.5
CORN,OTTAWA,OH,39123,160.5,178.7,18.2
CORN,PAULDING,OH,39125,191.8,191.5,-0.3
CORN,PERRY,OH,39127,157.6,194.1,36.5
CORN,PICKAWAY,OH,39129,179.6,109,-70.6
CORN,PIKE,OH,39131,165.6,191.8,26.2
CORN,PORTAGE,OH,39133,152.3,167.2,14.9
CORN,PREBLE,OH,39135,186.3,160,-26.3
CORN,PUTNAM,OH,39137,196.2,124.7,-71.5
CORN,RICHLAND,OH,39139,167.9,176.3,8.4
CORN,ROSS,OH,39141,173.4,186.2,12.8
CORN,SANDUSKY,OH,39143,183.9,146.5,-37.4
CORN,SCIOTO,OH,39145,152.6,175.6,23
CORN,SENECA,OH,39147,168.4,78.8,-89.6
CORN,SHELBY,OH,39149,173.8,947.6,773.8
CORN,TRUMBULL,OH,39155,159.4,160,0.6
CORN,TUSCARAWAS,OH,39157,154.9,159,4.1
CORN,UNION,OH,39159,164,140,-24
CORN,VAN WERT,OH,39161,192.2,147,-45.2
CORN,VINTON,OH,39163,147.7,170,22.3
CORN,WARREN,OH,39165,184.7,181,-3.7
CORN,WASHINGTON,OH,39167,175.6,155,-20.6
CORN,WAYNE,OH,39169,165.1,170,4.9
CORN,WILLIAMS,OH,39171,171.7,157.5,-14.2
CORN,WOOD,OH,39173,182.2,195,12.8
CORN,WYANDOT,OH,39175,170.9,166,-4.9
CORN,OTHER (COMBINED) COUNTIES,OH,39998,134.4,155,20.6
CORN,ALFALFA,OK,40003,67.6,162,94.4
CORN,BLAINE,OK,40011,169.2,161.2,-8
CORN,CADDO,OK,40015,132.4,196.9,64.5
CORN,CHOCTAW,OK,40023,169.1,157,-12.1
CORN,CIMARRON,OK,40025,196.9,189.4,-7.5
CORN,CRAIG,OK,40035,138.4,168,29.6
CORN,DELAWARE,OK,40041,144.6,160,15.4
CORN,GARFIELD,OK,40047,100.8,170,69.2
CORN,GARVIN,OK,40049,96.8,145.5,48.7
CORN,GRADY,OK,40051,101.9,155,53.1
CORN,KAY,OK,40071,117.9,119.5,1.6
CORN,KINGFISHER,OK,40073,32.5,188.2,155.7
CORN,LEFLORE,OK,40079,133.3,146,12.7
CORN,MCCLAIN,OK,40087,103.7,163.5,59.8
CORN,MCCURTAIN,OK,40089,139.3,163.5,24.2
CORN,MAYES,OK,40097,126.6,160,33.4
CORN,MUSKOGEE,OK,40101,156.7,133.5,-23.2
CORN,NOBLE,OK,40103,90.2,167,76.8
CORN,NOWATA,OK,40105,120.7,158,37.3
CORN,OKLAHOMA,OK,40109,103.4,175,71.6
CORN,OKMULGEE,OK,40111,90.4,180,89.6
CORN,OTTAWA,OK,40115,155.2,170,14.8
CORN,POTTAWATOMIE,OK,40125,141.6,137,-4.6
CORN,SEQUOYAH,OK,40135,183.2,169,-14.2
CORN,TEXAS,OK,40139,168.7,174,5.3
CORN,OTHER (COMBINED) COUNTIES,OK,40998,1054.1,185,-869.1
CORN,ADAMS,PA,42001,155.5,177,21.5
CORN,ARMSTRONG,PA,42005,130,168,38
CORN,BEDFORD,PA,42009,143.9,194.2,50.3
CORN,BERKS,PA,42011,174.5,175,0.5
CORN,BLAIR,PA,42013,169.1,172.5,3.4
CORN,BUCKS,PA,42017,128,147,19
CORN,BUTLER,PA,42019,142.7,176,33.3
CORN,CENTRE,PA,42027,161,145,-16
CORN,CHESTER,PA,42029,197,179,-18
CORN,CLARION,PA,42031,130.4,167.5,37.1
CORN,CLEARFIELD,PA,42033,128.3,158,29.7
CORN,CLINTON,PA,42035,159.6,176.5,16.9
CORN,COLUMBIA,PA,42037,152.2,154.5,2.3
CORN,CRAWFORD,PA,42039,123.8,140,16.2
CORN,CUMBERLAND,PA,42041,150,176.1,26.1
CORN,ELK,PA,42047,138.3,158.2,19.9
CORN,ERIE,PA,42049,132.4,180,47.6
CORN,FAYETTE,PA,42051,123.8,142,18.2
CORN,FOREST,PA,42053,178.6,164,-14.6
CORN,FRANKLIN,PA,42055,152.1,196.8,44.7
CORN,FULTON,PA,42057,96.5,161,64.5
CORN,HUNTINGDON,PA,42061,153.1,621.8,468.7
CORN,INDIANA,PA,42063,135.7,90.7,-45
CORN,JUNIATA,PA,42067,124.7,68.5,-56.2
CORN,LACKAWANNA,PA,42069,165.6,67.7,-97.9
CORN,LANCASTER,PA,42071,196.7,56.4,-140.3
CORN,LAWRENCE,PA,42073,149,68.2,-80.8
CORN,LEBANON,PA,42075,191.7,95.5,-96.2
CORN,LEHIGH,PA,42077,162.4,64.4,-98
CORN,LYCOMING,PA,42081,144,88.8,-55.2
CORN,MCKEAN,PA,42083,143.3,95,-48.3
CORN,MERCER,PA,42085,128.8,62.3,-66.5
CORN,MIFFLIN,PA,42087,160,102.2,-57.8
CORN,MONTOUR,PA,42093,153.6,176.9,23.3
CORN,NORTHAMPTON,PA,42095,169.9,70.8,-99.1
CORN,PERRY,PA,42099,153.9,42.7,-111.2
CORN,POTTER,PA,42105,98.2,60.5,-37.7
CORN,SCHUYLKILL,PA,42107,155.7,71.9,-83.8
CORN,SNYDER,PA,42109,153.3,67.9,-85.4
CORN,SOMERSET,PA,42111,139.3,67.7,-71.6
CORN,SUSQUEHANNA,PA,42115,134.4,144.5,10.1
CORN,TIOGA,PA,42117,126.7,93.3,-33.4
CORN,UNION,PA,42119,167.9,111.8,-56.1
CORN,VENANGO,PA,42121,95.2,60.6,-34.6
CORN,WARREN,PA,42123,103.8,75.9,-27.9
CORN,WAYNE,PA,42127,150,157.1,7.1
CORN,WESTMORELAND,PA,42129,148.6,65,-83.6
CORN,WYOMING,PA,42131,136,57.7,-78.3
CORN,YORK,PA,42133,163.6,139.7,-23.9
CORN,OTHER (COMBINED) COUNTIES,PA,42998,804.3,200.9,-603.4
CORN,AIKEN,SC,45003,81.3,70,-11.3
CORN,ALLENDALE,SC,45005,103.5,89.1,-14.4
CORN,ANDERSON,SC,45007,92.5,62,-30.5
CORN,BAMBERG,SC,45009,168.7,65.1,-103.6
CORN,BARNWELL,SC,45011,136.3,178.9,42.6
CORN,BERKELEY,SC,45015,96.4,87.8,-8.6
CORN,CALHOUN,SC,45017,132.5,63.1,-69.4
CORN,CHARLESTON,SC,45019,108,62,-46
CORN,CHESTERFIELD,SC,45025,106.3,73.8,-32.5
CORN,CLARENDON,SC,45027,118.9,76.9,-42
CORN,COLLETON,SC,45029,101.5,70.3,-31.2
CORN,DARLINGTON,SC,45031,107,62.8,-44.2
CORN,DILLON,SC,45033,97.5,90.7,-6.8
CORN,DORCHESTER,SC,45035,108.8,100,-8.8
CORN,FLORENCE,SC,45041,95.8,61.8,-34
CORN,GEORGETOWN,SC,45043,71.3,192.9,121.6
CORN,HAMPTON,SC,45049,143.8,65.8,-78
CORN,HORRY,SC,45051,123,170.9,47.9
CORN,KERSHAW,SC,45055,182.5,117,-65.5
CORN,LEE,SC,45061,126.5,70.1,-56.4
CORN,MARION,SC,45067,96.7,179.1,82.4
CORN,MARLBORO,SC,45069,105.2,128.1,22.9
CORN,NEWBERRY,SC,45071,89.1,60.1,-29
CORN,OCONEE,SC,45073,95.2,119,23.8
CORN,ORANGEBURG,SC,45075,138.2,92.2,-46
CORN,SALUDA,SC,45081,69,94.1,25.1
CORN,SPARTANBURG,SC,45083,141.9,63.5,-78.4
CORN,SUMTER,SC,45085,136.7,78.5,-58.2
CORN,WILLIAMSBURG,SC,45089,61.7,110.4,48.7
CORN,OTHER (COMBINED) COUNTIES,SC,45998,590.7,883.2,292.5
CORN,BEADLE,SD,46005,148,156.9,8.9
CORN,BON HOMME,SD,46009,169.4,148.3,-21.1
CORN,BROOKINGS,SD,46011,170.4,122.1,-48.3
CORN,BROWN,SD,46013,157.2,158.3,1.1
CORN,BRULE,SD,46015,135,142.4,7.4
CORN,BUFFALO,SD,46017,130.3,114.7,-15.6
CORN,CAMPBELL,SD,46021,117.6,146.4,28.8
CORN,CHARLES MIX,SD,46023,137.1,120.9,-16.2
CORN,CLARK,SD,46025,160.6,165.9,5.3
CORN,CLAY,SD,46027,187.5,145.2,-42.3
CORN,CORSON,SD,46031,93.9,135.8,41.9
CORN,CUSTER,SD,46033,95.7,145.3,49.6
CORN,DAY,SD,46037,147.7,114.9,-32.8
CORN,DOUGLAS,SD,46043,116.6,159.4,42.8
CORN,EDMUNDS,SD,46045,135.5,144.4,8.9
CORN,FALL RIVER,SD,46047,130,138.2,8.2
CORN,FAULK,SD,46049,145.2,133.6,-11.6
CORN,GRANT,SD,46051,159.7,124.8,-34.9
CORN,GREGORY,SD,46053,112.8,152.3,39.5
CORN,HAAKON,SD,46055,95.7,153.6,57.9
CORN,HAMLIN,SD,46057,165.7,132.9,-32.8
CORN,HAND,SD,46059,140.2,147.1,6.9
CORN,HANSON,SD,46061,148,135.3,-12.7
CORN,HARDING,SD,46063,53.6,166.2,112.6
CORN,HUGHES,SD,46065,119.6,140.7,21.1
CORN,HUTCHINSON,SD,46067,167.8,147.5,-20.3
CORN,JERAULD,SD,46073,118.1,133.2,15.1
CORN,JONES,SD,46075,88.2,99.4,11.2
CORN,KINGSBURY,SD,46077,171.9,152.6,-19.3
CORN,LAKE,SD,46079,170.9,132.6,-38.3
CORN,LINCOLN,SD,46083,165.1,135.3,-29.8
CORN,LYMAN,SD,46085,96.7,141.1,44.4
CORN,MCCOOK,SD,46087,160.9,152.7,-8.2
CORN,MCPHERSON,SD,46089,121.9,150.9,29
CORN,MARSHALL,SD,46091,152.8,159.6,6.8
CORN,MELLETTE,SD,46095,76.8,138.7,61.9
CORN,MINER,SD,46097,156.5,134,-22.5
CORN,MINNEHAHA,SD,46099,166.2,111.4,-54.8
CORN,MOODY,SD,46101,164.1,148.6,-15.5
CORN,PERKINS,SD,46105,93.9,134.3,40.4
CORN,POTTER,SD,46107,127.2,163.7,36.5
CORN,ROBERTS,SD,46109,149.4,151.7,2.3
CORN,SPINK,SD,46115,156.2,158,1.8
CORN,SULLY,SD,46119,120.9,935,814.1
CORN,TODD,SD,46121,110.3,270.2,159.9
CORN,TRIPP,SD,46123,101.3,218.5,117.2
CORN,TURNER,SD,46125,174.6,341.4,166.8
CORN,UNION,SD,46127,177.2,161.7,-15.5
CORN,WALWORTH,SD,46129,132.7,169.5,36.8
CORN,YANKTON,SD,46135,182,127.9,-54.1
CORN,ZIEBACH,SD,46137,83.6,158.8,75.2
CORN,OTHER (COMBINED) COUNTIES,SD,46998,677.9,146.6,-531.3
CORN,BEDFORD,TN,47003,154.4,112.3,-42.1
CORN,BENTON,TN,47005,165.6,185.7,20.1
CORN,BLEDSOE,TN,47007,120.8,166.2,45.4
CORN,BLOUNT,TN,47009,153.8,188.9,35.1
CORN,BRADLEY,TN,47011,160.9,191.6,30.7
CORN,CANNON,TN,47015,189.8,173.7,-16.1
CORN,CARROLL,TN,47017,176.8,159.2,-17.6
CORN,CHEATHAM,TN,47021,145.3,183.8,38.5
CORN,COCKE,TN,47029,139,202.7,63.7
CORN,COFFEE,TN,47031,185.4,168.2,-17.2
CORN,CROCKETT,TN,47033,165.6,190.4,24.8
CORN,CUMBERLAND,TN,47035,147.5,151.1,3.6
CORN,DICKSON,TN,47043,144.5,158.8,14.3
CORN,DYER,TN,47045,176.8,170,-6.8
CORN,FAYETTE,TN,47047,174.6,197.3,22.7
CORN,FENTRESS,TN,47049,148.6,118.2,-30.4
CORN,FRANKLIN,TN,47051,191.7,135.8,-55.9
CORN,GIBSON,TN,47053,175.8,177.8,2
CORN,GILES,TN,47055,171.5,150.4,-21.1
CORN,GREENE,TN,47059,146.1,135.2,-10.9
CORN,HARDEMAN,TN,47069,164,149.6,-14.4
CORN,HAWKINS,TN,47073,147,143.9,-3.1
CORN,HAYWOOD,TN,47075,193.6,174.7,-18.9
CORN,HENDERSON,TN,47077,163,173.3,10.3
CORN,HENRY,TN,47079,170.5,189.2,18.7
CORN,HUMPHREYS,TN,47085,161.7,164,2.3
CORN,LAUDERDALE,TN,47097,163.5,168.1,4.6
CORN,LAWRENCE,TN,47099,189.1,172.8,-16.3
CORN,LINCOLN,TN,47103,178.8,164.9,-13.9
CORN,MCMINN,TN,47107,179,184.2,5.2
CORN,MACON,TN,47111,127.6,143.7,16.1
CORN,MADISON,TN,47113,185.8,162.9,-22.9
CORN,MARION,TN,47115,194.2,172.8,-21.4
CORN,MARSHALL,TN,47117,161.2,127.8,-33.4
CORN,MAURY,TN,47119,168.5,153.4,-15.1
CORN,MEIGS,TN,47121,167.7,156.4,-11.3
CORN,MONROE,TN,47123,180,156.7,-23.3
CORN,OBION,TN,47131,177.9,164.7,-13.2
CORN,OVERTON,TN,47133,155.9,194.1,38.2
CORN,PERRY,TN,47135,108.8,170.6,61.8
CORN,POLK,TN,47139,126,165.9,39.9
CORN,ROBERTSON,TN,47147,125.1,182,56.9
CORN,RUTHERFORD,TN,47149,170.6,156.8,-13.8
CORN,SMITH,TN,47159,194.2,163.4,-30.8
CORN,STEWART,TN,47161,114,160.4,46.4
CORN,SULLIVAN,TN,47163,157.4,155.7,-1.7
CORN,SUMNER,TN,47165,147.4,1068,920.6
CORN,TIPTON,TN,47167,161.9,8050,7888.1
CORN,TROUSDALE,TN,47169,163.3,7350,7186.7
CORN,VAN BUREN,TN,47175,154.7,7740,7585.3
CORN,WASHINGTON,TN,47179,153.7,7610,7456.3
CORN,WAYNE,TN,47181,150,7500,7350
CORN,WEAKLEY,TN,47183,162.5,7300,7137.5
CORN,WHITE,TN,47185,152.9,7250,7097.1
CORN,WILLIAMSON,TN,47187,163.2,7530,7366.8
CORN,OTHER (COMBINED) COUNTIES,TN,47998,941.5,7370,6428.5
CORN,ARMSTRONG,TX,48011,177.9,7000,6822.1
CORN,ATASCOSA,TX,48013,87.7,7330,7242.3
CORN,AUSTIN,TX,48015,105.6,7140,7034.4
CORN,BAILEY,TX,48017,150.5,7600,7449.5
CORN,BASTROP,TX,48021,86.6,8080,7993.4
CORN,BEE,TX,48025,55.6,8340,8284.4
CORN,BELL,TX,48027,113.2,7500,7386.8
CORN,BEXAR,TX,48029,69.9,7830,7760.1
CORN,CALDWELL,TX,48055,91.1,7190,7098.9
CORN,CALHOUN,TX,48057,77.8,8030,7952.2
CORN,CAMERON,TX,48061,112.9,7710,7597.1
CORN,CASTRO,TX,48069,218.1,7430,7211.9
CORN,COCHRAN,TX,48079,120,15130,15010
CORN,COLLIN,TX,48085,120.8,8660,8539.2
CORN,COLORADO,TX,48089,115.9,8840,8724.1
CORN,COOKE,TX,48097,75,7960,7885
CORN,CORYELL,TX,48099,101.7,8740,8638.3
CORN,CROSBY,TX,48107,145.5,8040,7894.5
CORN,DALLAM,TX,48111,223.7,17210,16986.3
CORN,DEAF SMITH,TX,48117,209.3,7070,6860.7
CORN,DENTON,TX,48121,78.3,6510,6431.7
CORN,DE WITT,TX,48123,81.8,6930,6848.2
CORN,ELLIS,TX,48139,107.7,7670,7562.3
CORN,FALLS,TX,48145,118,7080,6962
CORN,FANNIN,TX,48147,118.5,7030,6911.5
CORN,FAYETTE,TX,48149,110,6150,6040
CORN,FLOYD,TX,48153,165.7,7080,6914.3
CORN,FORT BEND,TX,48157,127.7,8180,8052.3
CORN,FRIO,TX,48163,151.3,7060,6908.7
CORN,GOLIAD,TX,48175,89.7,29610,29520.3
CORN,GRAY,TX,48179,212.1,7420,7207.9
CORN,GRAYSON,TX,48181,98.7,6910,6811.3
CORN,GUADALUPE,TX,48187,54.7,7790,7735.3
CORN,HALE,TX,48189,184.4,6810,6625.6
CORN,HANSFORD,TX,48195,212.7,7300,7087.3
CORN,HAYS,TX,48209,81.9,7310,7228.1
CORN,HIDALGO,TX,48215,84.9,7850,7765.1
CORN,HILL,TX,48217,113,7350,7237
CORN,HOCKLEY,TX,48219,130.5,7490,7359.5
CORN,HUNT,TX,48231,116.9,6210,6093.1
CORN,HUTCHINSON,TX,48233,197.3,5340,5142.7
CORN,JACKSON,TX,48239,102.8,8340,8237.2
CORN,JIM WELLS,TX,48249,38.8,10000,9961.2
CORN,JOHNSON,TX,48251,68.9,6030,5961.1
CORN,LAMAR,TX,48277,112.8,9450,9337.2
CORN,LAMB,TX,48279,177,17260,17083
CORN,LAVACA,TX,48285,78.9,46.6,-32.3
CORN,LEE,TX,48287,94.2,40.3,-53.9
CORN,LIMESTONE,TX,48293,81,46.4,-34.6
CORN,LIVE OAK,TX,48297,54.8,37.1,-17.7
CORN,MCLENNAN,TX,48309,106.2,45.7,-60.5
CORN,MATAGORDA,TX,48321,107.4,43.1,-64.3
CORN,MEDINA,TX,48325,103.6,51.2,-52.4
CORN,MILAM,TX,48331,118.8,43.9,-74.9
CORN,MOORE,TX,48341,218.5,27.1,-191.4
CORN,NAVARRO,TX,48349,119.8,38.5,-81.3
CORN,NUECES,TX,48355,56.6,29.2,-27.4
CORN,OCHILTREE,TX,48357,210.1,40,-170.1
CORN,PARMER,TX,48369,212.4,36.3,-176.1
CORN,RANDALL,TX,48381,201.1,40.4,-160.7
CORN,ROBERTSON,TX,48395,154.8,44.4,-110.4
CORN,SAN PATRICIO,TX,48409,81.7,39.2,-42.5
CORN,SHERMAN,TX,48421,212.3,37.1,-175.2
CORN,SWISHER,TX,48437,181.9,38.5,-143.4
CORN,TRAVIS,TX,48453,71.3,44.1,-27.2
CORN,VICTORIA,TX,48469,102.6,39.2,-63.4
CORN,WALLER,TX,48473,123.4,47.6,-75.8
CORN,WHARTON,TX,48481,120.1,39.6,-80.5
CORN,WILLIAMSON,TX,48491,99.9,236.8,136.9
CORN,WILSON,TX,48493,105.5,60.4,-45.1
CORN,ZAVALA,TX,48507,109.3,55.9,-53.4
CORN,OTHER (COMBINED) COUNTIES,TX,48998,1514.8,52.8,-1462
CORN,ACCOMACK,VA,51001,175,51.3,-123.7
CORN,AMELIA,VA,51007,126.7,37.6,-89.1
CORN,AUGUSTA,VA,51015,146.4,50.5,-95.9
CORN,BEDFORD,VA,51019,132.5,53.5,-79
CORN,BLAND,VA,51021,121.7,60.4,-61.3
CORN,BOTETOURT,VA,51023,166.7,57.6,-109.1
CORN,BUCKINGHAM,VA,51029,109.4,43.3,-66.1
CORN,CAROLINE,VA,51033,114.8,42.1,-72.7
CORN,CHARLES CITY,VA,51036,157.3,40.5,-116.8
CORN,CHESTERFIELD,VA,51041,141,57,-84
CORN,CLARKE,VA,51043,154.7,41,-113.7
CORN,CULPEPER,VA,51047,183.3,45,-138.3
CORN,CUMBERLAND,VA,51049,113.8,56.1,-57.7
CORN,ESSEX,VA,51057,127.2,51.1,-76.1
CORN,FAUQUIER,VA,51061,168.1,48,-120.1
CORN,FRANKLIN,VA,51067,151.7,51.2,-100.5
CORN,GLOUCESTER,VA,51073,171.4,57,-114.4
CORN,GREENSVILLE,VA,51081,115,54.3,-60.7
CORN,HANOVER,VA,51085,130.8,44.3,-86.5
CORN,KING AND QUEEN,VA,51097,129.2,46.5,-82.7
CORN,KING WILLIAM,VA,51101,148.4,46.3,-102.1
CORN,LEE,VA,51105,136.3,168.8,32.5
CORN,LOUDOUN,VA,51107,138.2,40.8,-97.4
CORN,LOUISA,VA,51109,106.5,46.2,-60.3
CORN,MADISON,VA,51113,154.8,41.8,-113
CORN,MATHEWS,VA,51115,155,37.6,-117.4
CORN,MIDDLESEX,VA,51119,153.2,44.1,-109.1
CORN,MONTGOMERY,VA,51121,152.1,46.2,-105.9
CORN,NEW KENT,VA,51127,151.2,30.2,-121
CORN,NORTHAMPTON,VA,51131,164,41.6,-122.4
CORN,NORTHUMBERLAND,VA,51133,144,38.7,-105.3
CORN,NOTTOWAY,VA,51135,107.2,32.9,-74.3
CORN,ORANGE,VA,51137,151.9,36,-115.9
CORN,PAGE,VA,51139,132.7,42.2,-90.5
CORN,PRINCE EDWARD,VA,51147,89.4,35.5,-53.9
CORN,PRINCE GEORGE,VA,51149,132.6,27.3,-105.3
CORN,PULASKI,VA,51155,147.8,49.8,-98
CORN,RAPPAHANNOCK,VA,51157,137.5,39.2,-98.3
CORN,RICHMOND,VA,51159,120.4,46.6,-73.8
CORN,ROCKBRIDGE,VA,51163,140.7,256.2,115.5
CORN,ROCKINGHAM,VA,51165,178.7,60.7,-118
CORN,SHENANDOAH,VA,51171,159.2,68.6,-90.6
CORN,SMYTH,VA,51173,162.5,61.8,-100.7
CORN,SPOTSYLVANIA,VA,51177,122.7,61.7,-61
CORN,STAFFORD,VA,51179,114.2,70.1,-44.1
CORN,SURRY,VA,51181,169.3,60,-109.3
CORN,WARREN,VA,51187,135,70.6,-64.4
CORN,WASHINGTON,VA,51191,166.7,73.6,-93.1
CORN,WESTMORELAND,VA,51193,132.6,69.5,-63.1
CORN,WYTHE,VA,51197,160.6,75.3,-85.3
CORN,CHESAPEAKE CITY,VA,51550,168.8,65.6,-103.2
CORN,SUFFOLK CITY,VA,51800,125.6,59.9,-65.7
CORN,VIRGINIA BEACH CITY,VA,51810,176.7,61.6,-115.1
CORN,OTHER (COMBINED) COUNTIES,VA,51998,943.5,76.7,-866.8
CORN,FRANKLIN,WA,53021,239.1,64.5,-174.6
CORN,GRANT,WA,53025,201.8,68.8,-133
CORN,OTHER (COMBINED) COUNTIES,WA,53998,414.5,62.6,-351.9
CORN,BERKELEY,WV,54003,140.5,76.7,-63.8
CORN,GREENBRIER,WV,54025,160,80,-80
CORN,HAMPSHIRE,WV,54027,118.9,71.2,-47.7
CORN,HARDY,WV,54031,160.7,45.2,-115.5
CORN,JEFFERSON,WV,54037,165.4,73.9,-91.5
CORN,MASON,WV,54053,156.9,60.9,-96
CORN,MINERAL,WV,54057,155.2,62.1,-93.1
CORN,MORGAN,WV,54065,117.4,48.7,-68.7
CORN,PENDLETON,WV,54071,136.8,63.9,-72.9
CORN,POCAHONTAS,WV,54075,144,51.2,-92.8
CORN,RANDOLPH,WV,54083,146.3,71.8,-74.5
CORN,WOOD,WV,54107,157.5,59.9,-97.6
CORN,OTHER (COMBINED) COUNTIES,WV,54998,381.8,52.5,-329.3
CORN,ADAMS,WI,55001,130.3,71.5,-58.8
CORN,ASHLAND,WI,55003,95.6,44.6,-51
CORN,BARRON,WI,55005,116.9,61.6,-55.3
CORN,BROWN,WI,55009,142.2,64.7,-77.5
CORN,BUFFALO,WI,55011,148.3,56.6,-91.7
CORN,BURNETT,WI,55013,95,50,-45
CORN,CALUMET,WI,55015,145.5,62.2,-83.3
CORN,CHIPPEWA,WI,55017,126.8,52.6,-74.2
CORN,CLARK,WI,55019,133.6,60.2,-73.4
CORN,COLUMBIA,WI,55021,166.2,55.5,-110.7
CORN,CRAWFORD,WI,55023,154,62.3,-91.7
CORN,DANE,WI,55025,180.7,65.6,-115.1
CORN,DODGE,WI,55027,166,42.2,-123.8
CORN,DOOR,WI,55029,120.6,68.6,-52
CORN,DUNN,WI,55033,140.8,55.4,-85.4
CORN,EAU CLAIRE,WI,55035,149.2,65.3,-83.9
CORN,FOND DU LAC,WI,55039,164.8,62.4,-102.4
CORN,GRANT,WI,55043,176.3,71.8,-104.5
CORN,GREEN,WI,55045,177.4,71,-106.4
CORN,GREEN LAKE,WI,55047,169.7,60.3,-109.4
CORN,IOWA,WI,55049,186.7,69.1,-117.6
CORN,JACKSON,WI,55053,149.5,77,-72.5
CORN,JEFFERSON,WI,55055,163.4,71.3,-92.1
CORN,JUNEAU,WI,55057,147.9,63.9,-84
CORN,KENOSHA,WI,55059,174.9,62,-112.9
CORN,KEWAUNEE,WI,55061,140.6,67.1,-73.5
CORN,LA CROSSE,WI,55063,167.1,70.2,-96.9
CORN,LAFAYETTE,WI,55065,182.4,64.7,-117.7
CORN,LINCOLN,WI,55069,119,55.4,-63.6
CORN,MANITOWOC,WI,55071,125.3,74.7,-50.6
CORN,MARATHON,WI,55073,124,81.6,-42.4
CORN,MARINETTE,WI,55075,112.4,77.7,-34.7
CORN,MARQUETTE,WI,55077,143.2,65.8,-77.4
CORN,MILWAUKEE,WI,55079,126.4,68.1,-58.3
CORN,MONROE,WI,55081,147.2,53.7,-93.5
CORN,OCONTO,WI,55083,116.2,79.2,-37
CORN,OUTAGAMIE,WI,55087,133.7,62.7,-71
CORN,OZAUKEE,WI,55089,143.3,49.4,-93.9
CORN,PEPIN,WI,55091,147.7,53.3,-94.4
CORN,PIERCE,WI,55093,144.5,57.6,-86.9
CORN,POLK,WI,55095,112.7,61.9,-50.8
CORN,PORTAGE,WI,55097,153.7,57.3,-96.4
CORN,RACINE,WI,55101,172.7,50.5,-122.2
CORN,RICHLAND,WI,55103,155.1,82.3,-72.8
CORN,ROCK,WI,55105,184.1,61.2,-122.9
CORN,RUSK,WI,55107,99,72.1,-26.9
CORN,ST CROIX,WI,55109,135.4,64.8,-70.6
CORN,SAUK,WI,55111,154.5,73.8,-80.7
CORN,SAWYER,WI,55113,127.9,73.4,-54.5
CORN,SHAWANO,WI,55115,137.6,69.1,-68.5
CORN,SHEBOYGAN,WI,55117,142.6,58.8,-83.8
CORN,TREMPEALEAU,WI,55121,158.3,54.1,-104.2
CORN,VERNON,WI,55123,159.2,54.2,-105
CORN,WALWORTH,WI,55127,187.4,64.2,-123.2
CORN,WASHBURN,WI,55129,96.7,59.2,-37.5
CORN,WASHINGTON,WI,55131,150.6,46.8,-103.8
CORN,WAUKESHA,WI,55133,169.9,57.7,-112.2
CORN,WAUPACA,WI,55135,141.6,66.2,-75.4
CORN,WAUSHARA,WI,55137,182.8,341,158.2
CORN,WINNEBAGO,WI,55139,145.8,61.8,-84
CORN,WOOD,WI,55141,148.6,59.6,-89
CORN,OTHER (COMBINED) COUNTIES,WI,55998,382.7,56.5,-326.2
CORN,BIG HORN,WY,56003,103.8,67.5,-36.3
CORN,GOSHEN,WY,56015,149.5,58.3,-91.2
CORN,LARAMIE,WY,56021,117.6,62.2,-55.4
CORN,PARK,WY,56029,110.4,65,-45.4
CORN,PLATTE,WY,56031,152.5,62.8,-89.7
CORN,OTHER (COMBINED) COUNTIES,WY,56998,301.1,50.7,-250.4